-- MySQL dump 10.13  Distrib 5.6.35, for Linux (x86_64)
--
-- Host: localhost    Database: rcjaclub_robocup
-- ------------------------------------------------------
-- Server version	5.6.35

/*!40101 SET @OLD_CHARACTER_SET_CLIENT=@@CHARACTER_SET_CLIENT */;
/*!40101 SET @OLD_CHARACTER_SET_RESULTS=@@CHARACTER_SET_RESULTS */;
/*!40101 SET @OLD_COLLATION_CONNECTION=@@COLLATION_CONNECTION */;
/*!40101 SET NAMES utf8 */;
/*!40103 SET @OLD_TIME_ZONE=@@TIME_ZONE */;
/*!40103 SET TIME_ZONE='+00:00' */;
/*!40014 SET @OLD_UNIQUE_CHECKS=@@UNIQUE_CHECKS, UNIQUE_CHECKS=0 */;
/*!40014 SET @OLD_FOREIGN_KEY_CHECKS=@@FOREIGN_KEY_CHECKS, FOREIGN_KEY_CHECKS=0 */;
/*!40101 SET @OLD_SQL_MODE=@@SQL_MODE, SQL_MODE='NO_AUTO_VALUE_ON_ZERO' */;
/*!40111 SET @OLD_SQL_NOTES=@@SQL_NOTES, SQL_NOTES=0 */;

--
-- Table structure for table `comp_division`
--

DROP TABLE IF EXISTS `comp_division`;
/*!40101 SET @saved_cs_client     = @@character_set_client */;
/*!40101 SET character_set_client = utf8 */;
CREATE TABLE `comp_division` (
  `uid` varchar(13) NOT NULL,
  `uid_comp_name` varchar(13) NOT NULL,
  `disp_order` tinyint(4) NOT NULL,
  `div_name` varchar(60) NOT NULL,
  PRIMARY KEY (`uid`),
  UNIQUE KEY `uk_comp_division` (`uid_comp_name`,`div_name`),
  CONSTRAINT `fk_comp_division_comp_name` FOREIGN KEY (`uid_comp_name`) REFERENCES `comp_name` (`uid`)
) ENGINE=InnoDB DEFAULT CHARSET=latin1;
/*!40101 SET character_set_client = @saved_cs_client */;

--
-- Dumping data for table `comp_division`
--

LOCK TABLES `comp_division` WRITE;
/*!40000 ALTER TABLE `comp_division` DISABLE KEYS */;
INSERT INTO `comp_division` VALUES ('57116998C2ADE','571167C94471D',1,'Primary Dance'),('571169A39E533','571167C94471D',2,'Secondary Dance'),('571169AB9C68D','571167C94471D',3,'Open Dance'),('571169B50E1B5','571167C94471D',4,'Riley Rover Rescue (VIC Rules)'),('571169BD2714F','571167C94471D',5,'Primary Rescue (VIC Rules)'),('571169C734FFC','571167C94471D',6,'Secondary Rescue (VIC Rules)'),('571169D92EFB2','571167C94471D',7,'Advanced Rescue (VIC Rules, Same as 2015 Open Rescue)'),('571169E42D081','571167C94471D',9,'Simple Simon Soccer'),('571169EEA0879','571167C94471D',11,'GEN II Soccer'),('571169F7770CE','571167C94471D',10,'Lightweight Soccer (Up to 1.1 kg)'),('571169FFE4046','571167C94471D',12,'Open Soccer (Up to 2.5 kg)'),('57116A22A0142','571167F45AE84',1,'Primary Dance'),('57116A2C08411','571167F45AE84',2,'Secondary Dance'),('57116A374AE8C','571167F45AE84',3,'Open Dance'),('57116A40435FA','571167F45AE84',4,'Riley Rover Rescue (VIC Rules)'),('57116A47E7BB9','571167F45AE84',5,'Primary Rescue (VIC Rules)'),('57116A4F60108','571167F45AE84',6,'Secondary Rescue (VIC Rules)'),('57116A5A14234','571167F45AE84',7,'Advanced Rescue (VIC Rules, Same as 2015 Open Rescue)'),('57116A63AEFA6','571167F45AE84',9,'Simple Simon Soccer'),('57116A6A41ABA','571167F45AE84',11,'GEN II Soccer'),('57116A7173509','571167F45AE84',10,'Lightweight Soccer (Up to 1.1 kg)'),('57116A7D6BB85','571167F45AE84',12,'Open Soccer (Up to 2.5 kg)'),('57116A89AA6D9','5711684797C40',1,'Primary Dance'),('57116A90BB99B','5711684797C40',2,'Secondary Dance'),('57116A9979BA9','5711684797C40',3,'Open Dance'),('57116AA6CA3CC','5711684797C40',4,'Simple Simon Soccer'),('57116AAEAB4D2','5711684797C40',6,'GEN II Soccer'),('57116AB6C24FD','5711684797C40',5,'Lightweight Soccer (Up to 1.1 kg)'),('57116ABDE1E2E','5711684797C40',7,'Open Soccer (Up to 2.5 kg)'),('57116ACA1A6BD','571168786BB35',1,'Riley Rover Rescue (VIC Rules)'),('57116AD32F35E','571168786BB35',2,'Primary Rescue (VIC Rules)'),('57116ADBC3E99','571168786BB35',3,'Secondary Rescue (VIC Rules)'),('57116AE2AAA2D','571168786BB35',4,'Advanced Rescue (VIC Rules, Same as 2015 Open Rescue)'),('57116AF42339D','571168A4C7BB2',1,'Primary Dance'),('57116AFC1810D','571168A4C7BB2',2,'Secondary Dance'),('57116B028E157','571168A4C7BB2',3,'Open Dance'),('57116B0A2EAC4','571168A4C7BB2',4,'Riley Rover Rescue (VIC Rules)'),('57116B1147EA7','571168A4C7BB2',5,'Primary Rescue (VIC Rules)'),('57116B17AF89A','571168A4C7BB2',6,'Secondary Rescue (VIC Rules)'),('57116B1FE77BC','571168A4C7BB2',7,'Advanced Rescue (VIC Rules, Same as 2015 Open Rescue)'),('57116B321EA8A','571168A4C7BB2',9,'Simple Simon Soccer'),('57116B38CE443','571168A4C7BB2',11,'GEN II Soccer'),('57116B3F705BE','571168A4C7BB2',10,'Lightweight Soccer (Up to 1.1 kg)'),('57116B4602DA5','571168A4C7BB2',12,'Open Soccer (Up to 2.5 kg)'),('5715FE6685F56','571167C94471D',8,'Open Rescue (National Rules)'),('5715FE6E2BECC','571167F45AE84',8,'Open Rescue (National Rules)'),('5715FE7746182','571168786BB35',5,'Open Rescue (National Rules)'),('589C1DC74AC80','589C1DA853384',1,'Dance'),('589C1DD474316','589C1DA853384',2,'Rescue'),('589C1DDFA8FCD','589C1DA853384',3,'Soccer');
/*!40000 ALTER TABLE `comp_division` ENABLE KEYS */;
UNLOCK TABLES;

--
-- Table structure for table `comp_name`
--

DROP TABLE IF EXISTS `comp_name`;
/*!40101 SET @saved_cs_client     = @@character_set_client */;
/*!40101 SET character_set_client = utf8 */;
CREATE TABLE `comp_name` (
  `uid` varchar(13) NOT NULL,
  `uid_year` varchar(13) NOT NULL,
  `uid_state` varchar(13) NOT NULL,
  `comp_name` varchar(60) NOT NULL,
  `start_date` datetime NOT NULL,
  `end_date` datetime NOT NULL,
  `entry_fee` decimal(6,2) NOT NULL,
  PRIMARY KEY (`uid`),
  UNIQUE KEY `uk_comp_name` (`uid_year`,`uid_state`,`comp_name`),
  KEY `fk_comp_name_state` (`uid_state`),
  CONSTRAINT `fk_comp_name_state` FOREIGN KEY (`uid_state`) REFERENCES `comp_state` (`uid`),
  CONSTRAINT `fk_comp_name_year` FOREIGN KEY (`uid_year`) REFERENCES `comp_year` (`uid`)
) ENGINE=InnoDB DEFAULT CHARSET=latin1;
/*!40101 SET character_set_client = @saved_cs_client */;

--
-- Dumping data for table `comp_name`
--

LOCK TABLES `comp_name` WRITE;
/*!40000 ALTER TABLE `comp_name` DISABLE KEYS */;
INSERT INTO `comp_name` VALUES ('571167C94471D','566BD44544776','0000000000002','Ballarat Regional','2016-04-15 00:00:00','2016-06-03 00:00:00',25.00),('571167F45AE84','566BD44544776','0000000000002','Geelong Regional','2016-04-16 00:00:00','2016-06-13 00:00:00',25.00),('5711684797C40','566BD44544776','0000000000002','Melbourne Regional (Dance & Soccer)','2016-04-15 00:00:00','2016-07-15 00:00:00',25.00),('571168786BB35','566BD44544776','0000000000002','Melbourne Regional (Rescue)','2016-04-15 00:00:00','2016-07-20 00:00:00',25.00),('571168A4C7BB2','566BD44544776','0000000000002','Victorian State','2016-04-15 00:00:00','2016-08-07 00:00:00',60.00),('589C1DA853384','566BD44544778','5604E5242227B','Test Competition to Demo Entry System','2017-02-08 00:00:00','2017-04-01 00:00:00',50.00);
/*!40000 ALTER TABLE `comp_name` ENABLE KEYS */;
UNLOCK TABLES;

--
-- Table structure for table `comp_state`
--

DROP TABLE IF EXISTS `comp_state`;
/*!40101 SET @saved_cs_client     = @@character_set_client */;
/*!40101 SET character_set_client = utf8 */;
CREATE TABLE `comp_state` (
  `uid` varchar(13) NOT NULL,
  `state` varchar(3) DEFAULT NULL,
  `uid_treasurer` varchar(13) NOT NULL,
  `account_name` varchar(100) DEFAULT NULL,
  `account_bsb` varchar(6) DEFAULT NULL,
  `account_number` varchar(9) DEFAULT NULL,
  PRIMARY KEY (`uid`),
  UNIQUE KEY `state` (`state`),
  KEY `fk_comp_state_treasurer` (`uid_treasurer`),
  CONSTRAINT `fk_comp_state_treasurer` FOREIGN KEY (`uid_treasurer`) REFERENCES `user` (`uid`)
) ENGINE=InnoDB DEFAULT CHARSET=latin1;
/*!40101 SET character_set_client = @saved_cs_client */;

--
-- Dumping data for table `comp_state`
--

LOCK TABLES `comp_state` WRITE;
/*!40000 ALTER TABLE `comp_state` DISABLE KEYS */;
INSERT INTO `comp_state` VALUES ('0000000000002','VIC','55A272D3AB66A','RoboCupJunior Australia Inc. (Victoria)','063834','10177846'),('0000000000003','TAS','55A272D3AB66A','Account name yet to be supplied','999999','99999999'),('0000000000004','SA','55A272D3AB66A','Account name yet to be supplied','999999','99999999'),('0000000000005','WA','55A272D3AB66A','Account name yet to be supplied','999999','99999999'),('0000000000006','QLD','55A272D3AB66A','Account name yet to be supplied','999999','99999999'),('0000000000007','NSW','55A272D3AB66A','Account name yet to be supplied','999999','99999999'),('0000000000008','ACT','55A272D3AB66A','Account name yet to be supplied','999999','99999999'),('5604E5242227B','Nat','55A272D3AB66A','Account name yet to be supplied','999999','99999999');
/*!40000 ALTER TABLE `comp_state` ENABLE KEYS */;
UNLOCK TABLES;

--
-- Table structure for table `comp_year`
--

DROP TABLE IF EXISTS `comp_year`;
/*!40101 SET @saved_cs_client     = @@character_set_client */;
/*!40101 SET character_set_client = utf8 */;
CREATE TABLE `comp_year` (
  `uid` varchar(13) NOT NULL,
  `year` varchar(4) DEFAULT NULL,
  PRIMARY KEY (`uid`),
  UNIQUE KEY `year` (`year`)
) ENGINE=InnoDB DEFAULT CHARSET=latin1;
/*!40101 SET character_set_client = @saved_cs_client */;

--
-- Dumping data for table `comp_year`
--

LOCK TABLES `comp_year` WRITE;
/*!40000 ALTER TABLE `comp_year` DISABLE KEYS */;
INSERT INTO `comp_year` VALUES ('566BD44544776','2016'),('566BD44544778','2017');
/*!40000 ALTER TABLE `comp_year` ENABLE KEYS */;
UNLOCK TABLES;

--
-- Table structure for table `mentor_team`
--

DROP TABLE IF EXISTS `mentor_team`;
/*!40101 SET @saved_cs_client     = @@character_set_client */;
/*!40101 SET character_set_client = utf8 */;
CREATE TABLE `mentor_team` (
  `uid` varchar(13) NOT NULL,
  `uid_user` varchar(13) NOT NULL,
  `uid_comp_name` varchar(13) NOT NULL,
  `organisation` varchar(60) NOT NULL,
  `invoice_number` varchar(5) DEFAULT NULL,
  PRIMARY KEY (`uid`),
  UNIQUE KEY `uk_mentor_team` (`uid_user`,`uid_comp_name`),
  UNIQUE KEY `invoice_number` (`invoice_number`),
  KEY `fk_mentor_comp_name` (`uid_comp_name`),
  CONSTRAINT `fk_mentor_comp_name` FOREIGN KEY (`uid_comp_name`) REFERENCES `comp_name` (`uid`),
  CONSTRAINT `fk_mentor_user` FOREIGN KEY (`uid_user`) REFERENCES `user` (`uid`)
) ENGINE=InnoDB DEFAULT CHARSET=latin1;
/*!40101 SET character_set_client = @saved_cs_client */;

--
-- Dumping data for table `mentor_team`
--

LOCK TABLES `mentor_team` WRITE;
/*!40000 ALTER TABLE `mentor_team` DISABLE KEYS */;
INSERT INTO `mentor_team` VALUES ('57116B65AC112','559DFD2A5A1D9','571167C94471D','Club Engineer',NULL),('57116C282A68F','0000000000018','571167F45AE84','Club Engineer',NULL),('57116ECD45C7F','559E0A303245D','571167C94471D','Glen Waverley Primary School',NULL),('57116EE85CA33','559E0A303245D','571167F45AE84','Glen Waverley Primary School',NULL),('57116EF0CD79F','559E0A303245D','5711684797C40','Glen Waverley Primary School',NULL),('57116EFA703F2','559E0A303245D','571168786BB35','Glen Waverley Primary School','00003'),('5716BFA14F520','559E0A303245D','571168A4C7BB2','Glen Waverley Primary School','00046'),('571768F94D71F','55A23C9AB063A','571168786BB35','Altona Primary School',NULL),('57176CDED5C9B','55A23C9AB063A','571168A4C7BB2','Altona Primary School',NULL),('5735758071735','55BB236460ECC','571167F45AE84','Trinity College Colac',NULL),('57357CAA99686','55BB236460ECC','571168A4C7BB2','Trinity College Colac',NULL),('5739515D1A8BE','56F3229DD0D76','571167C94471D','Yuille Park Community College','00002'),('573A5AA7AD5F1','573A58E248CB6','571168786BB35','Sirius College','00016'),('573A5BCE8BD75','573A58E248CB6','571168A4C7BB2','Sirius College',NULL),('573D09389FF03','559DFD2A5A1D9','571168786BB35','Club Engineer','00001'),('573D396B2FFAA','55A31AFDF04F3','5711684797C40','Sandringham Secondary','00029'),('573D3CA4454B1','573D3CA0BC0A4','5711684797C40','Burwood East PS','00013'),('573E582B68806','55A26A59B5FB3','571168786BB35','St Augustine\'s P.S.',NULL),('573E584B9F711','55A26A59B5FB3','5711684797C40','St Augustine\'s P.S.','00004'),('573E5E821A88F','55A26A59B5FB3','571168A4C7BB2','St Augustine\'s P.S.','00005'),('573E8DB7BB2A8','55A35969BEBC7','571167C94471D','Caledonian Primary School','00006'),('573EC6069BE23','573D4B3288A10','5711684797C40','Serpell Primary School','00007'),('573ED72E4D8EF','573ED71FEEC77','5711684797C40','Loreto School','00009'),('574232A09492D','57423296C90B2','571167C94471D','Lismore Primary School','00019'),('57423F9A64796','55A269C76AE01','5711684797C40','St Agatha\'s Catholic Primary School','00008'),('5743D58FD1076','55A32A5739BE2','571167F45AE84','Surf Coast Secondary College','00015'),('5744DF07476F9','55A44C402654C','571168786BB35','Wesley College','00012'),('5744E63284A96','55A4724E31371','571168786BB35','Sirius College','00010'),('5744E8E813211','55A4724E31371','571168A4C7BB2','Sirius College','00011'),('5745112C85C8B','56E8B067ECEC5','571168786BB35','Wheelers Hill Secondary ','00024'),('57451903BEA84','55A44C402654C','571168A4C7BB2','Wesley College','00014'),('57453D5CC0EF2','55A240F8A082C','5711684797C40','Banyan Fields Primary School','00047'),('57463214A32E4','5746320E32C44','571168786BB35','Kingswood Primary School',NULL),('574BD73C9DF11','559F3A8DA5E0B','571167C94471D','Newlyn Primary School','00021'),('574CCE58A39E2','55A26745DE1B8','571168A4C7BB2','Maranatha Christian School','00017'),('574CD4D535F56','55A5EB45EC6DF','571167C94471D','Bacchus Marsh Grammar','00018'),('574CE79FDB571','55B1AEFD3760F','571167C94471D','Mt. Clear College','00020'),('574F6893DCFF1','55A240F8A082C','571168786BB35','Banyan Fields Primary School','00052'),('574FA1677B5DE','574FA1549C438','5711684797C40','Elizabeth Murdoch College','00041'),('5754F3D42A790','5754F16631857','571167F45AE84','CCG Highton Middle School',NULL),('5756A2906D87A','5756A28B3641C','571167F45AE84','Emmanuel College',NULL),('5758AE368CD4C','55A272D3AB66A','571167F45AE84','Christian College','00022'),('575A4574749F2','56EE77DC86690','571168786BB35','Glen Waverley Secondary College','00050'),('575F6708F3BB8','55A5F22EB32BA','571168A4C7BB2','Roberts Mc Cubbin PS','00043'),('575FAA6F58432','575E3AEF681FF','571167F45AE84','Christian College Bellarine','00023'),('57677DF298739','55A221282018B','571168A4C7BB2','Casey Grammar School','00025'),('5768AB92C7646','55A51306E21A2','5711684797C40','Box Hill High School','00034'),('5768AC13A9A11','55A51306E21A2','571168786BB35','Box Hill High School','00042'),('5768BDA4ED2D5','55A2645C02058','571168786BB35','kilvington Grammar School','00027'),('5768C4284813C','55A2645C02058','5711684797C40','kilvington Grammar School','00026'),('5769BEC15299D','56EE77DC86690','5711684797C40','Glen Waverley Secondary College',NULL),('576B5D17C37B9','55A248C8D48A7','571168786BB35','Glen Eira College','00054'),('576F2F08A43CE','55A26C1B772FF','571168A4C7BB2','Berwick Grammar School',NULL),('57708A5F52971','55A26C1B772FF','571168786BB35','Tech Team','00028'),('577F89D18F8D7','55A20C4BDEC3B','5711684797C40','Parkhill Primary School','00030'),('577F8C29298F5','55A20C4BDEC3B','571168786BB35','Parkhill Primary School','00035'),('577F8C7BB2213','55A20C4BDEC3B','571168A4C7BB2','Parkhill Primary School','00036'),('5781EBFC15A6A','5781EBF264F4E','571168786BB35','Carey Baptist Grammar School','00037'),('5782E8FB6BF3F','55A2141A4D4B7','5711684797C40','Sacré Cœur','00038'),('5782FC159193F','55A206E2171ED','5711684797C40','S-Kids','00031'),('5782FC7B48752','55A206E2171ED','571168786BB35','S-Kids','00032'),('578321685008D','55A36CE72D242','5711684797C40','Glendal Primary School',NULL),('57832271436BA','55A36CE72D242','571168786BB35','Glendal Primary School','00056'),('578322F11877E','55A268FBDD0F4','571168786BB35','Parkdale Secondary College','00033'),('578333F891F20','55A2F0765DD7A','5711684797C40','St. Anthony\'s Primary School Noble Park','00044'),('57837A1B3C61E','57837A0936347','5711684797C40','John Monash Science School','00053'),('578479E15142D','578479CB460B2','5711684797C40','Tintern Grammar','00039'),('5784A817C01E4','578479CB460B2','571168786BB35','Tintern Grammar','00040'),('57872B048F564','57872AFCAECA3','571168786BB35','The Geelong College','00045'),('578BF1488C465','578BF13A049DA','571168786BB35','Parent','00051'),('578C9F81546F9','578C9F705FD69','571168786BB35','Independent','00048'),('578CA20942E4E','578C9F705FD69','571168A4C7BB2','Independent','00049'),('578D512B1C3B2','55BF08A21F1B0','571168786BB35','St Michael\'s Grammar School','00055'),('578F00D5D610D','574FA1549C438','571168786BB35','Elizabeth Murdoch College','00074'),('57946DF48A37C','55A240F8A082C','571168A4C7BB2','Banyan Fields Primary School','00083'),('57959292C931D','574FA1549C438','571168A4C7BB2','Elizabeth Murdoch College','00075'),('57981292B7C66','55A2141A4D4B7','571168A4C7BB2','Sacré Cœur','00057'),('57996BFA0F0EC','575E3AEF681FF','571168A4C7BB2','Christian College Bellarine',NULL),('579982375A079','55A31AFDF04F3','571168A4C7BB2','Sandringham Secondary','00073'),('5799995FC025E','55A35969BEBC7','571168A4C7BB2','Caledonian Primary School','00084'),('579AB9AE689A8','559F6D94B303B','571168A4C7BB2','Notre Dame College','00058'),('579BEF9B6357B','55C2F9A604729','571168A4C7BB2','Melbourne High School','00059'),('579C53BBA16E1','56E8B067ECEC5','571168A4C7BB2','Wheelers Hill Secondary','00060'),('579DB3E32DC33','55A2F0765DD7A','571168A4C7BB2','St. Anthony\'s Primary School Noble Park','00061'),('579EB38055893','55A268FBDD0F4','571168A4C7BB2','Parkdale Secondary College','00062'),('579ED8E121019','55A2645C02058','571168A4C7BB2','kilvington Grammar School','00066'),('579FC860C7CD0','55A248C8D48A7','571168A4C7BB2','Glen Eira College','00081'),('57A006EDF0870','55C18BDF89FC2','571168A4C7BB2','Bundoora Primary School','00063'),('57A00CB9F3700','55C3AC508DD16','571168A4C7BB2','Sacre Coeur',NULL),('57A06CCC80CC2','573D3CA0BC0A4','571168A4C7BB2','Burwood East PS','00064'),('57A15944256BE','57A1593C29C51','571168A4C7BB2','SIRIUS COLLEGE KEYSBOROUGH CAMPUS','00065'),('57A17873CFBD2','56EE77DC86690','571168A4C7BB2','Glen Waverley Secondary College','00067'),('57A17E3C16391','55BAE0DC4850A','571168A4C7BB2','Wesley College Glen Waverley','00068'),('57A17E60739AD','55A324B45B154','571168A4C7BB2','SIRIUS COLLEGE MF','00069'),('57A186D2D825B','57872AFCAECA3','571168A4C7BB2','The Geelong College','00070'),('57A186F73F328','55A272D3AB66A','571168A4C7BB2','Christian College',NULL),('57A1CDCFEB29F','5754F16631857','571168A4C7BB2','CCG Highton Middle School','00071'),('57A277B2E2F3E','57837A0936347','571168A4C7BB2','John Monash Science School','00072'),('57A2C273F1E3C','57A2C26859D01','571168A4C7BB2','Roberts McCubbin','00076'),('57A2EC4A3D838','55A51306E21A2','571168A4C7BB2','Box Hill High School','00082'),('57A2F484D7A56','55A206E2171ED','571168A4C7BB2','S-Kids','00086'),('57A3CDF1582C4','57A3CDE85B0C2','571168A4C7BB2','Sandringham College',NULL),('57A3D59892F3D','559DFD2A5A1D9','571168A4C7BB2','Club Engineer','00079'),('57A43478CFBE7','55A36CE72D242','571168A4C7BB2','Glendal Primary School','00078'),('57A43686EC126','578BF13A049DA','571168A4C7BB2','Parent','00077'),('57A4762D5C060','55A5FF37878F8','571168A4C7BB2','Techcamp','00080'),('57A93926A9344','55A34761BD374','571168A4C7BB2','Melton Christian College','00085'),('589C1E0CD3CBE','0000000000017','589C1DA853384','Club Engineer',NULL),('589C1F6611EA2','0000000000016','589C1DA853384','Club Engineer',NULL),('589C1F7BD578B','559DFD2A5A1D9','589C1DA853384','Club Engineer',NULL),('589C1F8D2160E','0000000000018','589C1DA853384','Club Engineer','00087');
/*!40000 ALTER TABLE `mentor_team` ENABLE KEYS */;
UNLOCK TABLES;

--
-- Table structure for table `next_invoice_number`
--

DROP TABLE IF EXISTS `next_invoice_number`;
/*!40101 SET @saved_cs_client     = @@character_set_client */;
/*!40101 SET character_set_client = utf8 */;
CREATE TABLE `next_invoice_number` (
  `invoice_number` varchar(5) NOT NULL
) ENGINE=InnoDB DEFAULT CHARSET=latin1;
/*!40101 SET character_set_client = @saved_cs_client */;

--
-- Dumping data for table `next_invoice_number`
--

LOCK TABLES `next_invoice_number` WRITE;
/*!40000 ALTER TABLE `next_invoice_number` DISABLE KEYS */;
INSERT INTO `next_invoice_number` VALUES ('00088');
/*!40000 ALTER TABLE `next_invoice_number` ENABLE KEYS */;
UNLOCK TABLES;

--
-- Table structure for table `team`
--

DROP TABLE IF EXISTS `team`;
/*!40101 SET @saved_cs_client     = @@character_set_client */;
/*!40101 SET character_set_client = utf8 */;
CREATE TABLE `team` (
  `uid` varchar(13) NOT NULL,
  `uid_mentor_team` varchar(13) NOT NULL,
  `uid_comp_division` varchar(13) NOT NULL,
  `team_name` varchar(60) NOT NULL,
  PRIMARY KEY (`uid`),
  UNIQUE KEY `uk_team` (`uid_comp_division`,`team_name`),
  KEY `fk_team_mentor_team` (`uid_mentor_team`),
  CONSTRAINT `fk_team_comp_division` FOREIGN KEY (`uid_comp_division`) REFERENCES `comp_division` (`uid`),
  CONSTRAINT `fk_team_mentor_team` FOREIGN KEY (`uid_mentor_team`) REFERENCES `mentor_team` (`uid`)
) ENGINE=InnoDB DEFAULT CHARSET=latin1;
/*!40101 SET character_set_client = @saved_cs_client */;

--
-- Dumping data for table `team`
--

LOCK TABLES `team` WRITE;
/*!40000 ALTER TABLE `team` DISABLE KEYS */;
INSERT INTO `team` VALUES ('57176959D10D0','571768F94D71F','57116AD32F35E','Honestly do not know'),('571769AA98509','571768F94D71F','57116ACA1A6BD','Technobats'),('571769F433839','571768F94D71F','57116ACA1A6BD','Potato Pony Party'),('57176A34AD552','571768F94D71F','57116AD32F35E','IDK'),('57176A7A5A00E','571768F94D71F','57116AD32F35E','DD'),('57176B339C53A','571768F94D71F','57116ACA1A6BD','The Programmers'),('57176C5CAC8CC','571768F94D71F','57116ADBC3E99','Coding Kangaroos'),('57176CA9E9CAB','571768F94D71F','57116ADBC3E99','Flappy'),('57176D0B22901','57176CDED5C9B','57116B0A2EAC4','The Programmers'),('57176D61169C2','57176CDED5C9B','57116B0A2EAC4','Technobats'),('57176D904C3AD','57176CDED5C9B','57116B0A2EAC4','Potato Pony Party'),('57176DB59D69A','57176CDED5C9B','57116B1147EA7','IDK'),('57176DEA4322F','57176CDED5C9B','57116B1147EA7','DD'),('57176E0AE4FB5','57176CDED5C9B','57116B1147EA7','Honestly do not know'),('57176E409EEBC','57176CDED5C9B','57116B17AF89A','Coding Kangaroos'),('57176E66CE662','57176CDED5C9B','57116B17AF89A','Flappy'),('571F4C897D8E6','57116EFA703F2','57116ACA1A6BD','Sri Lanka'),('571F4CA1AC9DD','57116EFA703F2','57116ACA1A6BD','China'),('571F4CB62E6BF','57116EFA703F2','57116ACA1A6BD','India'),('571F4CDEE0EF5','57116EFA703F2','57116ACA1A6BD','Japan'),('571F4CF56DACC','57116EFA703F2','57116ACA1A6BD','Thailand'),('571F4D02E7AF4','57116EFA703F2','57116ACA1A6BD','Singapore'),('573578452623E','5735758071735','57116A6A41ABA','TCC1'),('573578E7A5D92','5735758071735','57116A6A41ABA','TCC2'),('573579C833291','5735758071735','57116A6A41ABA','TCC3'),('57357D55B4882','57357CAA99686','57116B38CE443','TCC1'),('57357DE62BBA6','57357CAA99686','57116B38CE443','TCC2'),('57357F006CA49','57357CAA99686','57116B38CE443','TCC3'),('5739525990575','5739515D1A8BE','571169E42D081','YPCC 1'),('57395282B4082','5739515D1A8BE','571169E42D081','YPCC 2'),('573A5CADB0505','573A5AA7AD5F1','57116AD32F35E','Falcon'),('573A5D0F1ED02','573A5AA7AD5F1','57116AD32F35E','Vibe'),('573D0AC33B38F','573D09389FF03','57116ACA1A6BD','Onyxbot'),('573D0AE23E34A','573D09389FF03','57116ADBC3E99','MD-05'),('573D0AFEEC5D9','573D09389FF03','57116ADBC3E99','Macindroid'),('573D0B5BB2D96','573D09389FF03','57116AE2AAA2D','TPG'),('573D0B72587EF','573D09389FF03','57116ADBC3E99','TMO-343'),('573E5A4B49DDB','573E584B9F711','57116AAEAB4D2','Burn'),('573E5B7E2BBCD','573E584B9F711','57116AB6C24FD','The Habibs'),('573E5BB43D4DD','573E584B9F711','57116AAEAB4D2','Robots United'),('573E5CFCA7EA1','573E584B9F711','57116AAEAB4D2','Terminators'),('573E5EFB4D80E','573E5E821A88F','57116B321EA8A','The Habibs'),('573E5F6D73718','573E5E821A88F','57116B38CE443','Burn'),('573E5FF3ABF45','573E5E821A88F','57116B38CE443','Terminators'),('573E601ACC0EE','573E5E821A88F','57116B321EA8A','Robots United'),('573E8E356E1BC','573E8DB7BB2A8','571169E42D081','Pixel Claw'),('573E95BD194B7','573E8DB7BB2A8','571169E42D081','Emer'),('573E960DC262A','573E8DB7BB2A8','571169B50E1B5','Riolu'),('573E964B24F81','573E8DB7BB2A8','571169BD2714F','Lucario'),('573E96DFDC9D3','573E8DB7BB2A8','571169E42D081','Rainbow Dragonz'),('573EC6C2B17C1','573EC6069BE23','57116A89AA6D9','Pacman'),('573ECE8133E09','573EC6069BE23','57116A89AA6D9','Wreck it Ralph'),('57424099391DA','57423F9A64796','57116A89AA6D9','Lego Legends'),('5742FCD93CC31','573ED72E4D8EF','57116A89AA6D9','Part of a Robot - Loreto School'),('5743D2E67AE36','573D09389FF03','57116AD32F35E','Rhino'),('5744E6CC86142','5744E63284A96','57116ACA1A6BD','RoboQueens'),('5744E70F4B2F5','5744E63284A96','57116ACA1A6BD','RoboForms'),('5744E75012937','5744E63284A96','57116ACA1A6BD','HardWire'),('5744E7B95ECB2','5744E63284A96','57116ACA1A6BD','MSEpower'),('5744E7FF26C31','5744E63284A96','57116ACA1A6BD','RoboTech'),('5744E860611E6','5744E63284A96','57116ACA1A6BD','Glaze'),('5744E9DFCC729','5744E8E813211','57116B0A2EAC4','RoboQueens'),('5744EA6018CD3','5744E8E813211','57116B0A2EAC4','RoboForms'),('5744EA85B2FE9','5744E8E813211','57116B0A2EAC4','HardWire'),('5744EB94D8D14','5744E8E813211','57116B0A2EAC4','MSEpower'),('5744EBCAF1BEB','5744E8E813211','57116B0A2EAC4','RoboTech'),('5744EC0C9A11B','5744E8E813211','57116B0A2EAC4','Glaze'),('5744F216E7859','5744DF07476F9','57116AD32F35E','Wesley Cat'),('5744F23863EDC','5744DF07476F9','57116AD32F35E','Wesley Jaguar'),('5744F25B9C820','5744DF07476F9','57116AD32F35E','Wesley Leopard'),('5744F27B99D61','5744DF07476F9','57116AD32F35E','Wesley Lion'),('5744F29F27C4E','5744DF07476F9','57116AD32F35E','Wesley Pantha'),('5744F2BE03E58','5744DF07476F9','57116AD32F35E','Wesley Tiger'),('5744F2DC1AE11','5744DF07476F9','57116ACA1A6BD','Wesley Gold'),('5744F2FFBB357','5744DF07476F9','57116ACA1A6BD','Wesley Grey'),('5744F31DF2B3A','5744DF07476F9','57116ACA1A6BD','Wesley Purple'),('5744F33E55F78','5744DF07476F9','57116ADBC3E99','Wesley 1'),('5744F357F1E0F','5744DF07476F9','57116ADBC3E99','Wesley 2'),('5744F371DE011','5744DF07476F9','57116ADBC3E99','Wesley 3'),('5744F38F5DA41','5744DF07476F9','57116ADBC3E99','Wesley 4'),('5744F9D9258A1','573D3CA4454B1','57116AA6CA3CC','Burwood East Football'),('5744FB623CE51','573D3CA4454B1','57116AA6CA3CC','Burwood East Soccer'),('5745123EF11F7','5745112C85C8B','57116ADBC3E99','Whsc #1'),('5745193214B02','57451903BEA84','57116B1147EA7','Wesley Cat'),('5745195AE10E7','57451903BEA84','57116B1147EA7','Wesley Jaguar'),('5745197C4BA06','57451903BEA84','57116B1147EA7','Wesley Leopard'),('5745199C0DA2B','57451903BEA84','57116B1147EA7','Wesley Lion'),('574519BA91FCF','57451903BEA84','57116B1147EA7','Wesley Pantha'),('574519D66A141','57451903BEA84','57116B1147EA7','Wesley Tiger'),('574519F6F0558','57451903BEA84','57116B0A2EAC4','Wesley Gold'),('57451A17E901D','57451903BEA84','57116B0A2EAC4','Wesley Grey'),('57451A374E033','57451903BEA84','57116B0A2EAC4','Wesley Purple'),('57451A54E2037','57451903BEA84','57116B17AF89A','Wesley 1'),('57451A6F4D773','57451903BEA84','57116B17AF89A','Wesley 2'),('57451A8793F0F','57451903BEA84','57116B17AF89A','Wesley 3'),('57451AA30FC03','57451903BEA84','57116B17AF89A','Wesley 4'),('57453D794D4C8','57453D5CC0EF2','57116A89AA6D9','Buck Buck Chickenheads'),('57463242EFC77','57463214A32E4','57116ACA1A6BD','Kingswood'),('57464ABCCFD73','5743D58FD1076','57116A2C08411','Lenny'),('57464B0D8B5E4','5743D58FD1076','57116A63AEFA6','EVSC'),('57464B45EF28A','5743D58FD1076','57116A2C08411','Dr Who'),('57466C38F09FB','573D396B2FFAA','57116AA6CA3CC','TILE'),('57466C88BC081','573D396B2FFAA','57116AA6CA3CC','Three Amigos'),('57466CB409CDF','573D396B2FFAA','57116AA6CA3CC','Pepsi'),('57466DB088E88','573D396B2FFAA','57116AAEAB4D2','Sarcasm'),('57466DD6C6C2F','573D396B2FFAA','57116AAEAB4D2','PGA'),('574CCE801908A','574CCE58A39E2','57116B38CE443','MCS 1'),('574CCEE5274F6','574CCE58A39E2','57116B321EA8A','MCS 2'),('574CCEE752BB6','574CCE58A39E2','57116B321EA8A','MCS 1'),('574CD563A6380','574CD4D535F56','571169E42D081','BMG 1'),('574CD5AB61E96','574CD4D535F56','571169E42D081','BMG 2'),('574CD5CE7F64C','574CD4D535F56','571169E42D081','BMG 3'),('574CD60DB7CE2','574CD4D535F56','571169FFE4046','BMG 4'),('574CDF6C3D391','574232A09492D','571169E42D081','Golden Stars'),('574CE7E5EEC04','574CE79FDB571','571169C734FFC','We Like Cheese'),('574CE8F4AACC9','574CE79FDB571','571169E42D081','Thrown of Games'),('574CE9BA9B844','574CE79FDB571','571169E42D081','System Overload'),('574CEAAA23CEF','574CE79FDB571','571169E42D081','DeTEMination'),('574CEB39C7C54','574CE79FDB571','571169E42D081','Chocolate Turkeys'),('574E34379B780','574BD73C9DF11','571169E42D081','Thunder Crash'),('574E34EC33775','574BD73C9DF11','571169E42D081','Magic Lions'),('574E350ABE2F9','574BD73C9DF11','571169E42D081','Creslyn Dragons'),('574F68008F0EF','57453D5CC0EF2','57116A89AA6D9','Banana Peel'),('574F68CFA46FB','574F6893DCFF1','57116ACA1A6BD','Ice Cream'),('574F68FC729CD','574F6893DCFF1','57116ACA1A6BD','The Holley Sisters'),('574F6930A0086','574F6893DCFF1','57116ACA1A6BD','Rescue Horse LRB'),('574F913522FCA','573E8DB7BB2A8','571169BD2714F','Unicorn Bacon'),('5754F59F53BA3','5754F3D42A790','57116A63AEFA6','The ducks'),('5754F5F07495D','5754F3D42A790','57116A63AEFA6','Robert the robot'),('5754F6313A822','5754F3D42A790','57116A2C08411','Awesome Orlando'),('5754F6773739A','5754F3D42A790','57116A2C08411','Girls rule'),('5754F6CFA0353','5754F3D42A790','57116A2C08411','Footstompers'),('5754F75CC399E','5754F3D42A790','57116A40435FA','In Style'),('5754FB07975D8','5754F3D42A790','57116A40435FA','Gems of Engineering'),('5758B3BAC67A5','5758AE368CD4C','57116A4F60108','The G.O.A.T'),('5758B472A9214','5758AE368CD4C','57116A6A41ABA','F.B.R.D'),('5758B6EC83F0C','5758AE368CD4C','57116A6A41ABA','Toby Larone'),('5758BB2DA5B4E','5758AE368CD4C','57116A6A41ABA','Spartain'),('5758DBBF392DA','5758AE368CD4C','57116A7D6BB85','Team Friction'),('575A70848BD7D','5756A2906D87A','57116A40435FA','The TechNO Guys'),('575A70CB9BF53','5756A2906D87A','57116A2C08411','The TechNO Guys'),('575A710348AE4','5756A2906D87A','57116A40435FA','Tweedle dee and Tweedle dum'),('575A712AB0C3A','5756A2906D87A','57116A2C08411','Tweedle dee and Tweedle dum'),('575F678A909A6','575F6708F3BB8','57116AF42339D','Wheels on the Bus'),('575F6CE2588A3','575F6708F3BB8','57116AF42339D','Trip'),('575F6E4FC177E','575F6708F3BB8','57116AF42339D','Race'),('575F6EB7CB86F','575F6708F3BB8','57116AF42339D','Jaws'),('575FADB57DCC2','575FAA6F58432','57116A40435FA','The Whirly Birds'),('575FAE03E8265','575FAA6F58432','57116A40435FA','The Squad'),('575FAE62BDB43','575FAA6F58432','57116A40435FA','The Programmers'),('575FAEA6BB70E','575FAA6F58432','57116A40435FA','GGG Gavin'),('575FAF2D4F290','575FAA6F58432','57116A40435FA','Tank Bot'),('575FB06F422B9','575FAA6F58432','57116A40435FA','Follow_Line Skinners'),('575FB23C439F9','575FAA6F58432','57116A22A0142','Dobby'),('575FB2D1288F4','575FAA6F58432','57116A22A0142','Disco Bob'),('575FB311A645E','575FAA6F58432','57116A22A0142','Awesobot'),('575FB364D4FC2','575FAA6F58432','57116A22A0142','Ema'),('575FB3D49F695','575FAA6F58432','57116A22A0142','DJ Robert'),('575FB42B90B5A','575FAA6F58432','57116A22A0142','Sharkbot'),('575FB4AA57E45','575FAA6F58432','57116A22A0142','The Magical Bob'),('575FB58A00FB5','575FAA6F58432','57116A22A0142','Bart Bot'),('575FB5E187B8E','575FAA6F58432','57116A22A0142','Dragon Bot'),('575FB6779CB32','575FAA6F58432','57116A22A0142','Gold & Silver'),('575FB75617F75','575FAA6F58432','57116A22A0142','TBA'),('5760F09EA6B7F','574F6893DCFF1','57116ACA1A6BD','Banyan Fields Primary School'),('576781E14DFF8','57677DF298739','57116B321EA8A','CR2'),('5767821AEBA61','57677DF298739','57116B321EA8A','The Barcelona Gunners'),('576782406921E','57677DF298739','57116B321EA8A','Premiers'),('576782691F736','57677DF298739','57116B321EA8A','LN Robotics'),('57678291B6E6E','57677DF298739','57116B321EA8A','AIExcellence'),('576782C151B74','57677DF298739','57116B321EA8A','Casey Stars'),('5767830CF3124','57677DF298739','57116B321EA8A','Terminator'),('5767834EA52A1','57677DF298739','57116B321EA8A','Barca United'),('57678393BB47F','57677DF298739','57116B321EA8A','The Globe'),('576783D87ED9C','57677DF298739','57116AF42339D','The Mix-Ups'),('576783FFA96F0','57677DF298739','57116AF42339D','EV3'),('5767842734931','57677DF298739','57116AF42339D','Chicken on a Raft'),('5767846B959F1','57677DF298739','57116AF42339D','The Things'),('576784AA8E198','57677DF298739','57116AF42339D','Just Dance'),('5767850402A15','57677DF298739','57116AF42339D','Robo Bro\'s'),('57678549D6E5F','57677DF298739','57116AF42339D','Do it Together'),('5768ABF837805','5768AB92C7646','57116ABDE1E2E','Joel Whole MkII'),('5768AC591BE63','5768AC13A9A11','57116ADBC3E99','Parsa'),('5768AC6F10AB1','5768AC13A9A11','57116ADBC3E99','Robojunior'),('5768AC9091C41','5768AC13A9A11','57116ADBC3E99','Team R.K.O.'),('5768ACB85DDB8','5768AC13A9A11','57116ADBC3E99','Daniel'),('5768ACD7C0808','5768AC13A9A11','57116ADBC3E99','Eternal'),('5768AD517E02E','5768AC13A9A11','57116ADBC3E99','ISES'),('5768AD739CFAF','5768AC13A9A11','57116ADBC3E99','BHHS 8'),('5768ADA29B295','5768AC13A9A11','57116ADBC3E99','BHHS 9'),('5768ADCAA251E','5768AC13A9A11','57116ADBC3E99','BHHS 11'),('5768ADE64F2D5','5768AC13A9A11','57116ADBC3E99','idk'),('5768ADFB807F2','5768AC13A9A11','57116ADBC3E99','BHHS 13'),('5768AE13C30FB','5768AC13A9A11','57116AE2AAA2D','Jophee'),('5768BE8C5CC55','5768BDA4ED2D5','57116ACA1A6BD','kilvington fireball'),('5768BF17E6B10','5768BDA4ED2D5','57116ACA1A6BD','Kilvington Awesome GBR'),('5768BFE66196D','5768BDA4ED2D5','57116ACA1A6BD','Kilvington Salty Bacon Frogs'),('5768C0A966EC4','5768BDA4ED2D5','57116ADBC3E99','Kilvington Tech Blasters'),('5768C12DAA735','5768BDA4ED2D5','57116ACA1A6BD','Kilvington BU'),('5768C192DBE81','5768BDA4ED2D5','57116ADBC3E99','Kilvington Stormy 113'),('5768C1E5D0BDB','5768BDA4ED2D5','57116ACA1A6BD','Kilvington Techno Terror'),('5768C39EB94F3','5768BDA4ED2D5','57116ACA1A6BD','Kilvington Team 4F'),('5768C488F3793','5768C4284813C','57116A89AA6D9','Kilvington DUB Kings'),('5768C52290070','5768C4284813C','57116A90BB99B','Kilvington ECIG'),('5768C59CAE309','5768C4284813C','57116A90BB99B','Kilvington Sloppy waffles'),('576916BBA4753','5716BFA14F520','57116B0A2EAC4','GogglyPig'),('576916D9DBAE0','5716BFA14F520','57116B0A2EAC4','The Ultimate Donald Trump'),('576916F2D927C','5716BFA14F520','57116B0A2EAC4','Jeff Bobson'),('5769170254440','5716BFA14F520','57116B0A2EAC4','Robo Rex'),('57691714E41D2','5716BFA14F520','57116B0A2EAC4','Sri Lanka'),('57691736CB6C0','5716BFA14F520','57116B0A2EAC4','Rover Raptors'),('5769BF29A2862','575A4574749F2','5715FE7746182','Batman 2.0'),('576B5D62E049D','576B5D17C37B9','57116ADBC3E99','InDev'),('576C97815794F','574FA1677B5DE','57116AA6CA3CC','EMC'),('57708AA7BC1E5','57708A5F52971','57116ADBC3E99','Tech Team'),('577F8AED0255B','577F89D18F8D7','57116A89AA6D9','CIAS'),('577F8C185AC78','577F89D18F8D7','57116AA6CA3CC','Ronaldo7'),('577F8C72C5D71','577F8C29298F5','57116AD32F35E','RandomO\'s'),('577F8C9843D76','577F8C7BB2213','57116AF42339D','CIAS'),('577F8CBE7F8B4','577F8C7BB2213','57116B1147EA7','RandomO\'s'),('577F8CF3C460B','577F8C7BB2213','57116B321EA8A','Ronaldo7'),('5782FC3ECCAB7','5782FC159193F','57116AAEAB4D2','S-Kids'),('5782FCA9D8E93','5782FC7B48752','57116AE2AAA2D','Christabelle & Skye'),('5782FCC923C1F','5782FC7B48752','5715FE7746182','Jett & Zoe...'),('578322091DC50','578321685008D','57116A89AA6D9','1 Million MINIONS!'),('578322B6BF111','57832271436BA','57116ACA1A6BD','EV3Hydro Bots'),('578322FB4BFF5','57832271436BA','57116ACA1A6BD','Tech Bots'),('5783234C390B7','578322F11877E','57116ADBC3E99','Ryan to the Rescue'),('5783239C636E0','57832271436BA','57116ACA1A6BD','EV3 R Bots'),('578323B16D6E0','578322F11877E','57116ADBC3E99','In the Nic of Time'),('57832417CBC6D','578322F11877E','57116ADBC3E99','Habib at the Helm'),('578324DE9DFC4','57832271436BA','57116AD32F35E','K Robots'),('578325AB5B531','57832271436BA','57116AD32F35E','Footybroz'),('578325E993085','57832271436BA','57116AD32F35E','Robot Rampage'),('5783273473160','57832271436BA','57116AD32F35E','Techbots V3.9'),('5783276F9C734','57832271436BA','57116AD32F35E','Fred Jr'),('578327B5836B3','57832271436BA','57116AD32F35E','A- Bot'),('578327F488554','57832271436BA','57116AD32F35E','Hydra Bot'),('5783344E9CAE8','578333F891F20','57116A89AA6D9','The WizKids'),('5783354DE0DF8','578333F891F20','57116A89AA6D9','The Accelerated Programmers'),('57837A790AAA1','57837A1B3C61E','57116AAEAB4D2','Three\'s a Crowd'),('57837ADDC0B23','57837A1B3C61E','57116AAEAB4D2','The Fellowship'),('57837B6D789BE','57837A1B3C61E','57116AAEAB4D2','A E S T H E T I C'),('57837C22154B3','57837A1B3C61E','57116AAEAB4D2','The Republicans'),('57837C86844C9','57837A1B3C61E','57116AAEAB4D2','Freshmen'),('5784621A728A8','5781EBFC15A6A','57116ADBC3E99','Carey Robotics'),('57846EF1E1250','5782E8FB6BF3F','57116A90BB99B','The 4 Disneyteers'),('57846F22EF2C5','5782E8FB6BF3F','57116A90BB99B','Bad Wolf'),('5784A7789F8FA','578479E15142D','57116A89AA6D9','Birds of Fire'),('5784A7B811801','578479E15142D','57116A89AA6D9','DJ Panther'),('5784A7E16F4EF','578479E15142D','57116A89AA6D9','EMBCS Girls'),('5784A86E206D9','5784A817C01E4','57116ACA1A6BD','ZES'),('5784A8B40B8FA','5784A817C01E4','57116ACA1A6BD','Fire Phoenix'),('5784A8F28A146','5784A817C01E4','57116ACA1A6BD','Robo Rebels'),('5784A91EF3465','5784A817C01E4','57116ACA1A6BD','Robo Girls'),('5784A93F925C7','5784A817C01E4','57116ACA1A6BD','The Fierce Bolts'),('57872B604D537','57872B048F564','57116ACA1A6BD','Geelong Giants'),('57872C3EE3493','57872B048F564','57116ACA1A6BD','ASTERIX'),('57872D35B94EA','57872B048F564','57116ACA1A6BD','Gravity'),('578C27AF806EB','57832271436BA','5715FE7746182','Terminal Velocity'),('578C28202FC57','57832271436BA','57116AD32F35E','Terminator 0.2'),('578C286661ABB','57832271436BA','5715FE7746182','Seek & Destroy'),('578CA1F939C37','578C9F81546F9','57116ADBC3E99','Mainframe Meltdown'),('578CA224A0C22','578CA20942E4E','57116B17AF89A','Mainframe Meltdown'),('578D51C1EDF73','578D512B1C3B2','57116AD32F35E','SMGSCatBot'),('578D522A7B86F','578D512B1C3B2','57116AD32F35E','SMGSKangaBot'),('578D52595599B','578D512B1C3B2','57116AD32F35E','SMGSGavvvinne'),('578D52C6040DF','578D512B1C3B2','57116AD32F35E','SMGSJamesBot'),('578D53166612E','578D512B1C3B2','57116ACA1A6BD','SMGSRocket'),('578D5344AF037','578D512B1C3B2','57116ACA1A6BD','SMGSWalliee'),('578D53B7A0747','578D512B1C3B2','57116AD32F35E','SMGSR6D6'),('578D53DB2E5E5','578D512B1C3B2','57116AD32F35E','SMGSCyril'),('578D54595255F','578D512B1C3B2','57116ACA1A6BD','SMGSGirlPower'),('578D794BE92B9','576B5D17C37B9','57116ADBC3E99','TODD Hewwit & Manchee'),('578D7A30C7DE1','576B5D17C37B9','57116ACA1A6BD','Poisson Pois'),('578D7ABF76080','576B5D17C37B9','57116ACA1A6BD','GEC lightning'),('578D7B15D4C17','576B5D17C37B9','57116ADBC3E99','Swag Terminator'),('578DC169D1190','575A4574749F2','57116ADBC3E99','Somehow'),('578DC25FDD58B','578BF1488C465','57116ADBC3E99','Behold the Arduino'),('578EEBFA16EF7','576B5D17C37B9','57116ACA1A6BD','the rollers'),('578EED7983B67','576B5D17C37B9','57116ACA1A6BD','polarbear'),('578EF88CBE8FF','57832271436BA','5715FE7746182','Wencho Relaxo'),('578EF8DC08210','57832271436BA','5715FE7746182','X_AXIS'),('578F01ADC92A6','578F00D5D610D','57116ACA1A6BD','EMC'),('578F04E0B7B15','573D09389FF03','57116AD32F35E','Ultra Matta'),('57946E0FBFDC5','57946DF48A37C','57116AF42339D','DJ Horse'),('57946E3F0EF37','57946DF48A37C','57116AF42339D','Buck Buck Chickenheads'),('57946E604FA10','57946DF48A37C','57116B0A2EAC4','Banyan Fields Primary School'),('57946E8218AB0','57946DF48A37C','57116B0A2EAC4','Ice Cream'),('57946EA312554','57946DF48A37C','57116B0A2EAC4','Rescue Horse LRB'),('57946EBD47F42','57946DF48A37C','57116B0A2EAC4','The Holley Sisters'),('5794A06E47E7D','573D09389FF03','57116AD32F35E','RBot-021'),('5794A099643BC','573D09389FF03','57116ACA1A6BD','HAL 9000'),('579592DE4BF7F','57959292C931D','57116B38CE443','EMC'),('5796F5568BF43','57832271436BA','57116AD32F35E','I Bots'),('579812CF0BC54','57981292B7C66','57116AFC1810D','Bad Wolf'),('579812FCAF8AB','57981292B7C66','57116AFC1810D','The 4 Disneyteers'),('579982609D71D','579982375A079','57116B38CE443','PGA'),('5799829299298','579982375A079','57116B38CE443','Sarcasm'),('579982B72B2F7','579982375A079','57116B321EA8A','Pepsi'),('579982E2BB7D6','579982375A079','57116B321EA8A','TILE'),('57999A144667F','5799995FC025E','57116B321EA8A','Pixel Claw'),('57999A4C5676B','5799995FC025E','57116B321EA8A','Rainbow Dragonz'),('57999AEECCDFD','5799995FC025E','57116B1147EA7','Lucario'),('57999B07EB518','5799995FC025E','57116B1147EA7','Unicorn Bacon'),('57999B5585BC9','5799995FC025E','57116B321EA8A','JoXan'),('57999B8CEA4DB','5799995FC025E','57116B0A2EAC4','Riolu'),('579AB9D7E8D48','579AB9AE689A8','57116AFC1810D','Robo Hobos'),('579ABA0BB8112','579AB9AE689A8','57116B321EA8A','NDC Strikers'),('579AE1A21FBDF','57996BFA0F0EC','57116B0A2EAC4','WWW'),('579AE30B571CE','57996BFA0F0EC','57116AF42339D','Gold and Silver'),('579AE3EDD0F66','57996BFA0F0EC','57116AF42339D','The Chamber (Dobby)'),('579AE8CCF2389','57996BFA0F0EC','57116AF42339D','Emoji Boyz (Happy Bot)'),('579AEB131E6F7','57996BFA0F0EC','57116AFC1810D','CCC (Doridos)'),('579BF0E7E0F6C','579BEF9B6357B','57116B38CE443','Samuel SAID'),('579BF132E4E40','579BEF9B6357B','57116B38CE443','HOEMX'),('579BF174209AA','579BEF9B6357B','57116B38CE443','PC Master Race'),('579BF1ADA517B','579BEF9B6357B','57116B38CE443','Robot Unicorns'),('579BF1E31E9A5','579BEF9B6357B','57116B38CE443','Loophole'),('579BF2249D84D','579BEF9B6357B','57116B38CE443','RNGsus'),('579BF3633CC3A','579BEF9B6357B','57116B17AF89A','Lego Lestop'),('579BF472D26D5','579BEF9B6357B','57116B17AF89A','Careless Laughter'),('579BF4A887BFB','579BEF9B6357B','57116B17AF89A','Phantom Knights'),('579BF4DB68513','579BEF9B6357B','57116B17AF89A','Genesis'),('579BF50C69A8F','579BEF9B6357B','57116B17AF89A','Dr Phil'),('579BF53E12A22','579BEF9B6357B','57116B4602DA5','Agile Startup'),('579BF56C3250B','579BEF9B6357B','57116B4602DA5','Liquid Cooled Pencil'),('579BF5AE566CB','579BEF9B6357B','57116B4602DA5','Rexicon'),('579BF5D68CED5','579BEF9B6357B','57116B4602DA5','Oui'),('579BF62514BD7','579BEF9B6357B','57116B4602DA5','Minority'),('579C54A1470C7','579C53BBA16E1','57116B17AF89A','WHSC Challengers'),('579DB419AB3DB','579DB3E32DC33','57116AF42339D','The Wiz Kids'),('579DB4575DB15','579DB3E32DC33','57116AF42339D','The Accelerated Programmers'),('579EB408283C7','579EB38055893','57116B17AF89A','Ryan to the Rescue'),('579EB49FD64F8','579EB38055893','57116B17AF89A','In the Nic of Time'),('579ED9500CF02','579ED8E121019','57116B028E157','Kilvington First order'),('579ED97BCEC23','579ED8E121019','57116AFC1810D','Kilvington Sloppy Waffles'),('579ED9C406A79','579ED8E121019','57116AFC1810D','Kilvington ECIG'),('579EDA1EC63A7','579ED8E121019','57116AF42339D','Kilvington Dub kings'),('579EDA6700883','579ED8E121019','57116B0A2EAC4','Kilvington Salty Bacon Frogs'),('579EDAA299BA2','579ED8E121019','57116B0A2EAC4','KIklvington Team 4F'),('579EDADF93BE3','579ED8E121019','57116B17AF89A','Kilvington Stormy 113'),('579EDB0E3ACCF','579ED8E121019','57116B17AF89A','Kilvington Tech Blasters'),('579F221F84481','576F2F08A43CE','57116B17AF89A','Tech Team'),('579FEECAA26BE','579FC860C7CD0','57116B17AF89A','TODD Hewwit & Manchee'),('579FEF56DEB85','579FC860C7CD0','57116B0A2EAC4','AC/DC'),('579FEFA686005','579FC860C7CD0','57116B0A2EAC4','Dem Bois'),('579FEFDE1B404','579FC860C7CD0','57116B0A2EAC4','GEC lightning'),('57A00D07468AB','57A00CB9F3700','57116AF42339D','Double Trouble Twins'),('57A00D4EAE28F','57A00CB9F3700','57116AF42339D','Quidditch Team'),('57A016A0AB06B','57A006EDF0870','57116B321EA8A','Soccer Bots'),('57A016DB00BEB','57A006EDF0870','57116B321EA8A','Bundoora Beasts'),('57A0173A1ED2F','57A006EDF0870','57116AF42339D','Labrats'),('57A017FCB10A4','57A006EDF0870','57116AF42339D','Cake'),('57A1188152C88','57A06CCC80CC2','57116B321EA8A','Burwood East Soccer'),('57A118E36CE94','57A06CCC80CC2','57116B321EA8A','Burwood East Football'),('57A15AC7729C4','57A15944256BE','57116B3F705BE','TAZE CLAN'),('57A15B0B2987C','57A15944256BE','57116B3F705BE','AYADAM'),('57A15B59B9457','57A15944256BE','57116B38CE443','TELETUBBIES'),('57A15BB3BF4DB','57A15944256BE','57116B38CE443','ROBOLUTION'),('57A1787A8D6D0','57996BFA0F0EC','57116AF42339D','Shark Bot'),('57A1794FE1ACE','57A17873CFBD2','57116B1FE77BC','Batman 2.0'),('57A17987B2BF5','57A17873CFBD2','57116B1FE77BC','Batman 1.0'),('57A17E8899C64','57A17E3C16391','57116B0A2EAC4','Imogen\'s team'),('57A17EBA5E4C0','57A17E3C16391','57116B0A2EAC4','Bec\'s Team'),('57A17EDD5B894','57A17E3C16391','57116B0A2EAC4','Eric\'s team'),('57A17F03B828B','57A17E3C16391','57116B0A2EAC4','Thomas\'s Team'),('57A17F2A17654','57A17E3C16391','57116B17AF89A','Roger and Taylor'),('57A17F609BB55','57A17E3C16391','57116B321EA8A','Hagan\'s Team'),('57A17F74260D2','57A17E3C16391','57116B0A2EAC4','Ian\'s team'),('57A18016E7DCD','57A17E60739AD','57116B321EA8A','TEB SQUAD'),('57A180EFBC9B3','57A17E60739AD','57116B321EA8A','Group A1'),('57A1817C2EC5F','57A17E60739AD','57116B38CE443','ROBOBOYS'),('57A182E38E578','57A17E60739AD','57116B3F705BE','TRIAL & ERROR'),('57A18418DCCC0','57A17E60739AD','57116B38CE443','The Cyborgs'),('57A1879D2FF4D','57A186F73F328','57116B4602DA5','Team Friction'),('57A187C46C4F2','57A186D2D825B','57116B0A2EAC4','ASTERIX'),('57A188177E6D3','57A186D2D825B','57116B0A2EAC4','Geelong Giants'),('57A188AC11D43','57A186D2D825B','57116B0A2EAC4','Gravity'),('57A1898C27CD1','57A186F73F328','57116B4602DA5','Lammkeule'),('57A18A00B434A','57A186F73F328','57116B3F705BE','Spartain'),('57A18A754B7A3','57A186F73F328','57116B17AF89A','The G.O.A.T.S'),('57A1CE28854F4','57A1CDCFEB29F','57116B321EA8A','The Rainbow Ducks'),('57A1CED3D3AD1','57A1CDCFEB29F','57116B0A2EAC4','Techno Warriors'),('57A1CF083B262','57A1CDCFEB29F','57116B0A2EAC4','Fnatic3'),('57A1CF3472C9B','57A1CDCFEB29F','57116B0A2EAC4','Gems of Engineering'),('57A1CF59707E1','57A1CDCFEB29F','57116B0A2EAC4','Robo Champs'),('57A2785774880','57A277B2E2F3E','57116B38CE443','A E S T H E T I C'),('57A27877383CD','57A277B2E2F3E','57116B38CE443','The Fellowship'),('57A278F459CE0','57A277B2E2F3E','57116B38CE443','The Republicans'),('57A2AF4D79B8C','57A00CB9F3700','57116AF42339D','Twinbots'),('57A2B0125DD5D','57A00CB9F3700','57116AF42339D','The Snoopsters'),('57A2B0C607F07','57A00CB9F3700','57116AF42339D','Project Pink Panther'),('57A2F4AC254AA','57A2F484D7A56','57116B38CE443','S-Kids'),('57A2F4FE524F1','57A2F484D7A56','57116B1FE77BC','Skye & Christabelle'),('57A2F52905E81','57A2F484D7A56','57116B1FE77BC','Jett Pack'),('57A315CA1CA83','57A2EC4A3D838','57116B1FE77BC','Jophee'),('57A315E72DD3A','57A2EC4A3D838','57116B4602DA5','Joel Whole MkII'),('57A31619B94C9','57A2EC4A3D838','57116B17AF89A','Not Remote Controlled'),('57A3163C0D1F5','57A2EC4A3D838','57116B17AF89A','idk'),('57A31666B6106','57A2EC4A3D838','57116B17AF89A','BHHS 1'),('57A31677DD386','57A2EC4A3D838','57116B17AF89A','Parsa'),('57A3168816611','57A2EC4A3D838','57116B17AF89A','Robojunior'),('57A316A7AB0B8','57A2EC4A3D838','57116B17AF89A','Team R.K.O.'),('57A316BDDD95B','57A2EC4A3D838','57116B17AF89A','Daniel'),('57A316D722771','57A2EC4A3D838','57116B17AF89A','Eternal'),('57A316EC02809','57A2EC4A3D838','57116B17AF89A','ISES'),('57A3170A1A7D7','57A2EC4A3D838','57116B17AF89A','BHHS 2'),('57A3D5B0250D1','57A3D59892F3D','57116B1FE77BC','TPG'),('57A3D5D7C6FF2','57A3D59892F3D','57116B1147EA7','Ultra Matta'),('57A3D5F8697C3','57A3D59892F3D','57116B1147EA7','Rhino'),('57A3D61438C26','57A3D59892F3D','57116B1147EA7','Garantula'),('57A3D631EAC5A','57A3D59892F3D','57116B17AF89A','Macindroid'),('57A3D97329C76','57996BFA0F0EC','57116AF42339D','Jaws of Death'),('57A42B3CE83DC','57A2C273F1E3C','57116B0A2EAC4','Double Trouble'),('57A4346BB8928','579FC860C7CD0','57116B0A2EAC4','polarbear'),('57A434A029538','579FC860C7CD0','57116B0A2EAC4','Poisson Pois'),('57A434E272BE3','579FC860C7CD0','57116B17AF89A','InDev'),('57A435EBB155E','57A43478CFBE7','57116AF42339D','1 Million Minions'),('57A43645F2339','57A43478CFBE7','57116B1FE77BC','X_AXIS'),('57A436AFCCDF8','57A43686EC126','57116B17AF89A','Behold the Arduino'),('57A436E571533','57A43478CFBE7','57116B1FE77BC','Wrencho Relaxo'),('57A4373D232A6','57A43478CFBE7','57116B1FE77BC','Terminal Velocity'),('57A4377E8225C','57A43478CFBE7','57116B1FE77BC','Seek & Destroy'),('57A437D67EEAE','57A43478CFBE7','57116B0A2EAC4','EV3Hydro Bots'),('57A438121AF34','57A43478CFBE7','57116B0A2EAC4','EV3R Bots'),('57A43844313FA','57A43478CFBE7','57116B0A2EAC4','Techbots'),('57A438936CF3A','57A43478CFBE7','57116B1147EA7','K Robots'),('57A438DC568B7','57A43478CFBE7','57116B1147EA7','Footybroz'),('57A43909BE038','57A43478CFBE7','57116B1147EA7','Robot Rampage'),('57A43969C9C56','57A43478CFBE7','57116B1147EA7','Techbots V3.9'),('57A43A9BE0DAD','57A43478CFBE7','57116B1147EA7','Fred Jr'),('57A43AC063BF8','57A43478CFBE7','57116B1147EA7','A Bot'),('57A43B2949F35','57A43478CFBE7','57116B1147EA7','Terminator 2.0'),('57A43B4FB5B5F','57A43478CFBE7','57116B1147EA7','I Bot'),('57A43B77AB8C7','57A43478CFBE7','57116B1147EA7','Destructor'),('57A43C3BEB353','57A43478CFBE7','57116B1147EA7','Hydra Bot'),('57A440DE0ED23','57A3D59892F3D','57116B1147EA7','RBot-021'),('57A47A0596FE4','57A4762D5C060','57116B1147EA7','Techcamp Parkdale'),('57A68F0C04C8D','573A5BCE8BD75','57116B0A2EAC4','Falcon'),('57A68F19D9185','573A5BCE8BD75','57116B0A2EAC4','Vibe'),('57A9397B43AAD','57A93926A9344','57116B0A2EAC4','Combat Kittens'),('57A9398FD7A84','57A93926A9344','57116B0A2EAC4','Golden Dragons'),('57A939A496B5F','57A93926A9344','57116B0A2EAC4','Robot Smashers'),('589C1E2020F06','589C1E0CD3CBE','589C1DD474316','Club Engineer Test Team'),('589C1F96CE0DF','589C1F8D2160E','589C1DC74AC80','Test');
/*!40000 ALTER TABLE `team` ENABLE KEYS */;
UNLOCK TABLES;

--
-- Table structure for table `team_member`
--

DROP TABLE IF EXISTS `team_member`;
/*!40101 SET @saved_cs_client     = @@character_set_client */;
/*!40101 SET character_set_client = utf8 */;
CREATE TABLE `team_member` (
  `uid` varchar(13) NOT NULL,
  `uid_team` varchar(13) NOT NULL,
  `first_name` varchar(60) NOT NULL,
  `last_name` varchar(60) NOT NULL,
  PRIMARY KEY (`uid`),
  KEY `fk_team_member_team` (`uid_team`),
  CONSTRAINT `fk_team_member_team` FOREIGN KEY (`uid_team`) REFERENCES `team` (`uid`)
) ENGINE=InnoDB DEFAULT CHARSET=latin1;
/*!40101 SET character_set_client = @saved_cs_client */;

--
-- Dumping data for table `team_member`
--

LOCK TABLES `team_member` WRITE;
/*!40000 ALTER TABLE `team_member` DISABLE KEYS */;
INSERT INTO `team_member` VALUES ('57176959D477B','57176959D10D0','Shirkar','Ramiklawan'),('571769AA99439','571769AA98509','Nicholas ','Milich'),('571769AA99828','571769AA98509','Amogh','Joshi'),('571769F4347A0','571769F433839','Amelie ','Barham'),('571769F434B8A','571769F433839','Izzy','Smith'),('57176A4295D1F','57176A34AD552','Ethan','Hatcher'),('57176A7A5AF61','57176A7A5A00E','Dom ','Borg'),('57176A7A5B34D','57176A7A5A00E','Darshan ','Ramiklawan'),('57176B339D0EF','57176B339C53A','Alex','Malacasa'),('57176B339D4DA','57176B339C53A','Finn','Bonnici'),('57176C5CAD8A2','57176C5CAC8CC','Emma ','Pinder'),('57176C5CAE08A','57176C5CAC8CC','Erin ','Geraghty'),('57176CA9EB06F','57176CA9E9CAB','Nick','Ursino'),('57176CA9EBC45','57176CA9E9CAB','Emily','Fraser'),('57176D0B2389C','57176D0B22901','Alex','Malacasa'),('57176D0B2406B','57176D0B22901','Finn','Bonnici'),('57176D611795C','57176D61169C2','Amogh','Joshi'),('57176D6117D46','57176D61169C2','Nicholas','Milich'),('57176D904D34F','57176D904C3AD','Amelie ','Barham'),('57176D904D72D','57176D904C3AD','Izzy','Smith'),('57176DB59DE62','57176DB59D69A','Ethan','Hatcher'),('57176DEA44172','57176DEA4322F','Dom ','Borg'),('57176DEA4493F','57176DEA4322F','Darshan ','Ramiklawan'),('57176E0AE577E','57176E0AE4FB5','Shirkar','Ramiklawan'),('57176E409F69A','57176E409EEBC','Emma ','Pinder'),('57176E409FA5A','57176E409EEBC','Erin ','Geraghty'),('57176E66CF1FB','57176E66CE662','Nick','Ursino'),('57176E66CF9A1','57176E66CE662','Emily','Fraser'),('571F4C897E0B7','571F4C897D8E6','Alysandra',' '),('571F4C897E4C8','571F4C897D8E6','Nathaniel',' '),('571F4CA1AD9BD','571F4CA1AC9DD','Dineth','D'),('571F4CA1AE956','571F4CA1AC9DD','Palindu',' '),('571F4CA1B0C45','571F4CA1AC9DD','Dulvin',' '),('571F4CB630A06','571F4CB62E6BF','Tanay',' '),('571F4CB631200','571F4CB62E6BF','Hritik',' '),('571F4CB63198D','571F4CB62E6BF','Rohan',' '),('571F4CB631D75','571F4CB62E6BF','Kashyap',' '),('571F4CDEE1EC3','571F4CDEE0EF5','Ryan','Z'),('571F4CDEE2692','571F4CDEE0EF5','Isaiah',' '),('571F4CDEE2E5F','571F4CDEE0EF5','Dineth','W'),('571F4CDEE362F','571F4CDEE0EF5','Ranuga',' '),('571F4CF56EA67','571F4CF56DACC','Thiviru',' '),('571F4CF56EE51','571F4CF56DACC','Lejith',' '),('571F4D02E8AEA','571F4D02E7AF4','Harsha',' '),('571F4D02E92B5','571F4D02E7AF4','Sai',' '),('5735784526DF2','573578452623E','brendan','ford'),('57357845271DA','573578452623E','luke','griffiths'),('57357845275EE','573578452623E','suzanne','ford'),('57357845279DB','573578452623E','lauren','markham'),('573578E7A70AB','573578E7A5D92','daniel','brady'),('573578E7A787A','573578E7A5D92','hugh','jeffreys'),('573578E7A804A','573578E7A5D92','will','johns'),('573578E7A8853','573578E7A5D92','will','mcnabb'),('573578E7A9020','573578E7A5D92','adam','mccarney'),('573579C8349AD','573579C833291','nick','mooney'),('573579C83517D','573579C833291','seth','holtkamp'),('573579C83597C','573579C833291','flynn','monaghan'),('573579C83614C','573579C833291','lochie','coombes'),('57357D55B5055','57357D55B4882','brenden','ford'),('57357D55B585B','57357D55B4882','luke','griffiths'),('57357D55B63D9','57357D55B4882','lauren','markham'),('57357DE62CF24','57357DE62BBA6','daniel','brady'),('57357DE62DF06','57357DE62BBA6','will','mcnabb'),('57357F006DA00','57357F006CA49','nick','mooney'),('57357F006E9C2','57357F006CA49','flynn','monaghan'),('5739525998659','5739525990575','Josh ','Edwards'),('5739525998E29','5739525990575','Lachlan','Hanshaw-Minon'),('5739525999630','5739525990575','Ella','O\\\'Brien'),('5739525999E22','5739525990575','Naya','Kennedy'),('573952599A5CA','5739525990575','Brayden','Musgrove'),('57395282B5061','57395282B4082','Koby','Anstis'),('57395282B5438','57395282B4082','Bailey','F'),('57395282B5832','57395282B4082','Jordan','Sharp'),('57395282B5C19','57395282B4082','Daniel','Wood'),('57395282B5FF0','57395282B4082','Kaleb','Gutteridge'),('573A5CADB107E','573A5CADB0505','Zain-Khuram',' Chohan'),('573A5CADB1469','573A5CADB0505','Eren Hakan','Deniz'),('573A5CADB184E','573A5CADB0505','Serkan ','Yavuz'),('573A5CADB1C3A','573A5CADB0505','Muaz ','Yildirim'),('573A5CADB2066','573A5CADB0505','Yusuf Emir','Hasan'),('573A5D0F1FC37','573A5D0F1ED02','Abdullah','Al-hasani'),('573A5D0F20406','573A5D0F1ED02','Bader','Al-Sharea'),('573A5D0F20BD9','573A5D0F1ED02','Kabir Nasir','Chaidry'),('573A5D0F213EC','573A5D0F1ED02','Humza','Muhammed'),('573AB002CDB71','571F4CF56DACC','Ryan','M'),('573AB0498BAC7','571F4CF56DACC','Bradley',' '),('573D0AC33C361','573D0AC33B38F','Olly','Raine-Brown'),('573D0AE23F289','573D0AE23E34A','Jordan','Engel'),('573D0AFEED55D','573D0AFEEC5D9','Andrew','Caughey'),('573D0B5BB3CE1','573D0B5BB2D96','Matthew','Romeo'),('573D0B7259344','573D0B72587EF','Harry','Jupp'),('573E5A4B4C8CF','573E5A4B49DDB','Luke','Fak'),('573E5A4B4CCB6','573E5A4B49DDB','Adam','Marchment'),('573E5A4B4D0D4','573E5A4B49DDB','Thomas','Patterson'),('573E5A4B4D487','573E5A4B49DDB','Nathan','Scerri'),('573E5A4B4D86D','573E5A4B49DDB','Alastaire','La Sala'),('573E5B7E2CBB0','573E5B7E2BBCD','Adriana','Vella'),('573E5B7E2CFAD','573E5B7E2BBCD','Tristan','Cavallo'),('573E5B7E2D384','573E5B7E2BBCD','Nicolas','Cullia'),('573E5B7E2D720','573E5B7E2BBCD','Bianca','Sweeney'),('573E5B7E2DB08','573E5B7E2BBCD','Isabelle','Balzan'),('573E5C1223BF9','573E5BB43D4DD','Isabelle','Delija'),('573E5CFCA8DDC','573E5CFCA7EA1','Fabian','Babo'),('573E5CFCA95CA','573E5CFCA7EA1','Sebastian','Scarpaci'),('573E5CFCA99D7','573E5CFCA7EA1','Noah','Lamberti'),('573E5CFCAA15F','573E5CFCA7EA1','Joshua','Pace'),('573E5CFCAA92E','573E5CFCA7EA1','Aaron','Perillo'),('573E5EFB4EB4F','573E5EFB4D80E','Isabelle','Balzan'),('573E5EFB4F320','573E5EFB4D80E','Tristan','Cavallo'),('573E5EFB4FAEB','573E5EFB4D80E','Nicolas','Cullia'),('573E5EFB502C9','573E5EFB4D80E','Adriana','Vella'),('573E5EFB50A99','573E5EFB4D80E','Luke','Fak'),('573E5F6D74660','573E5F6D73718','Luke','Fak'),('573E5F6D74E2C','573E5F6D73718','Alastaire','La Sala'),('573E5F6D75654','573E5F6D73718','Adam','Marchment'),('573E5F6D75E09','573E5F6D73718','Thomas','Patterson'),('573E5F6D765DD','573E5F6D73718','Nathan','Scerri'),('573E5FF3ACF1F','573E5FF3ABF45','Fabian','Babo'),('573E5FF3AD2CA','573E5FF3ABF45','Noah','Lamberti'),('573E5FF3AD6AF','573E5FF3ABF45','Joshua','Pace'),('573E5FF3ADA96','573E5FF3ABF45','Aaron','Perillo'),('573E5FF3ADEC8','573E5FF3ABF45','Sebastian','Scarpaci'),('573E601ACD3F6','573E601ACC0EE','Isabelle','Delija'),('573E83C2D7B8A','573E5BB43D4DD','Grace','Gibson'),('573E83E3303E1','573E5BB43D4DD','Bianca','Da Campo'),('573E840154E2E','573E5BB43D4DD','Isabelle','Young'),('573E8E356F18C','573E8E356E1BC','Jimmy','Carter'),('573E8E356F541','573E8E356E1BC','Joshua','Morisi'),('573E95BD1A454','573E95BD194B7','Emma','Thompson'),('573E95BD1A83B','573E95BD194B7','Xander','Doyle'),('573E960DC356F','573E960DC262A','Jonah','Wright'),('573E960DC3958','573E960DC262A','Noah','Wright'),('573E964B26307','573E964B24F81','Raph','Crawford'),('573E96DFDD1D4','573E96DFDC9D3','Zac','Vince'),('573E96DFDD588','573E96DFDC9D3','Emma','Harper'),('573EAA6EE22A6','573579C833291','Josh','Mahoney'),('573EC6C2B1F68','573EC6C2B17C1','James','Fisk'),('573EC6C2B234D','573EC6C2B17C1','Jamie','Tran'),('573EC6C2B2739','573EC6C2B17C1','Rohan','Hallford'),('573EC6C2B2B47','573EC6C2B17C1','Eugene','Goh'),('573ECE8134D54','573ECE8133E09','Dylan','Chi'),('573ECE813513F','573ECE8133E09','Banu','Godellewatte'),('573ECE8135529','573ECE8133E09','Bethany','Mak'),('573ECE8135909','573ECE8133E09','Jessica','Dam'),('574240993A178','57424099391DA','Caitlyn','Grace'),('574240993A55F','57424099391DA','Shashini','Kandamulla'),('574240993A94B','57424099391DA','Clarry','McNair'),('574240993AD68','57424099391DA','Tyler','Memery-Lane'),('5742FCD9458CA','5742FCD93CC31','Oriana','Lopez'),('5742FCD945CB6','5742FCD93CC31','Gabrielle','Boquest'),('5742FCD94609A','5742FCD93CC31','Jonquil','Qerim'),('5742FCD9464BF','5742FCD93CC31','Amelia','Baxter'),('5743D2E67BDB9','5743D2E67AE36','Ryan','Davis'),('5744E6CC870D9','5744E6CC86142','Nadine','Ayoub'),('5744E6CC874BB','5744E6CC86142','Dileen','Barwary'),('5744E6CC878A5','5744E6CC86142','Dania','Al-Qarakchy'),('5744E70F4C262','5744E70F4B2F5','Lara','Yanik'),('5744E70F4C647','5744E70F4B2F5','Tasniim','Isse'),('5744E75013466','5744E75012937','Leila','Hasimbegovic'),('5744E75013C35','5744E75012937','Tala','Abojalboush'),('5744E7B95F829','5744E7B95ECB2','Selin','Isik'),('5744E7B95FC11','5744E7B95ECB2','Elanur','Sarikaya'),('5744E7B95FFF9','5744E7B95ECB2','Munise','Arslan'),('5744E7FF27BFD','5744E7FF26C31','Deka','Ahmed'),('5744E7FF283A1','5744E7FF26C31','Rahma','Idayathulla'),('5744E7FF28B70','5744E7FF26C31','Sarah','Al-Sarai'),('5744E8606256A','5744E860611E6','Mya','Dabboucy'),('5744E86062D3E','5744E860611E6','Elissar','Mustapha'),('5744E86063547','5744E860611E6','Lujain','Rizwan'),('5744E86063D1A','5744E860611E6','Zahraa','Gatei'),('5744E9DFCCEF7','5744E9DFCC729','Nadine','Ayoub'),('5744E9DFCD6C6','5744E9DFCC729','Dileen','Barwary'),('5744E9DFCDE99','5744E9DFCC729','Dania','Al-Qarakchy'),('5744EA6019C70','5744EA6018CD3','Lara','Yanik'),('5744EA601A443','5744EA6018CD3','Tasniim','Isse'),('5744EA85B3779','5744EA85B2FE9','Leila','Hasimbegovic'),('5744EA85B3B5E','5744EA85B2FE9','Tala','Abojalboush'),('5744EB2523C43','5744E70F4B2F5','Sumeyyenur','Gungor'),('5744EB49305AE','5744EA6018CD3','Sumeyyenur','Gungor'),('5744EB94D9D01','5744EB94D8D14','Selin','Isik'),('5744EB94DA099','5744EB94D8D14','Elanur','Sarikaya'),('5744EB94DA480','5744EB94D8D14','Munise','Arslan'),('5744EBCAF2768','5744EBCAF1BEB','Deka','Ahmed'),('5744EBCAF2F37','5744EBCAF1BEB','Rahma','Idayathulla'),('5744EBCAF3706','5744EBCAF1BEB','Sarah','Al-Sarai'),('5744EC0C9ACDE','5744EC0C9A11B','Mya','Dabboucy'),('5744EC0C9B4AA','5744EC0C9A11B','Elissar','Mustapha'),('5744EC0C9BC75','5744EC0C9A11B','Lujain','Rizwan'),('5744EC0C9C446','5744EC0C9A11B','Zahraa','Gatei'),('5744F216EAB20','5744F216E7859','Alfredo','Chang-Gonzales'),('5744F23864E2B','5744F23863EDC','Persia','Taylor'),('5744F25B9D769','5744F25B9C820','Louis','Houle-O\'Connor'),('5744F27B9AC9C','5744F27B99D61','Louie','Zhao'),('5744F29F28B93','5744F29F27C4E','Marlo','Morton'),('5744F2BE049FB','5744F2BE03E58','Issy','Brindley'),('5744F2DC1BDAF','5744F2DC1AE11','Jaime','Cross'),('5744F2FFBBB22','5744F2FFBB357','Quentin','Marchiori'),('5744F31DF3ABA','5744F31DF2B3A','Luca','Allen'),('5744F33E5768E','5744F33E55F78','Leo','Qiao'),('5744F357F2D5F','5744F357F1E0F','Kipp','Smith'),('5744F371DEF76','5744F371DE011','Dean','Lee'),('5744F38F5E20A','5744F38F5DA41','Henry','Ferris'),('5744FB084312C','5744F9D9258A1','Ethan','Leong'),('5744FB084392E','5744F9D9258A1','Toby','Rosso'),('5744FB08440FB','5744F9D9258A1','Chris','Shu'),('5744FB08448C6','5744F9D9258A1','Jessica','Rowland'),('5744FB0845057','5744F9D9258A1','Rio','Song'),('5744FBC2D0DB2','5744FB623CE51','Bryce','Coady'),('5744FBC2D119A','5744FB623CE51','Senitha','Fernando'),('5744FBC2D1581','5744FB623CE51','Reilly','Ballan'),('5744FBC2D196E','5744FB623CE51','Mile','Trifunovic'),('5744FBC2D1DA5','5744FB623CE51','Bangk','Ngapansanthia'),('57451323A22FB','5745123EF11F7','Zachariah','French'),('57451323A26E1','5745123EF11F7','Justin','Nguyen'),('57451323A2EAE','5745123EF11F7','Aiden','Bartlett'),('57451323A3296','5745123EF11F7','Tian-Lin','Huang'),('5745193215E5F','5745193214B02','Alfredo','Chang-Gonzales'),('5745195AE18B8','5745195AE10E7','Persia','Taylor'),('5745197C4C5F1','5745197C4BA06','Louis','Houle O\'Connor'),('5745199C0E5A6','5745199C0DA2B','Louie','Zhao'),('574519BA92B86','574519BA91FCF','Marlo','Morton'),('574519D66B07C','574519D66A141','Issy','Brindley'),('574519F6F14F2','574519F6F0558','Jaime','Cross'),('57451A17E9F75','57451A17E901D','Quentin','Marchiori'),('57451A374EF7D','57451A374E033','Luca','Allen'),('57451A54E2F8F','57451A54E2037','Leo','Qiao'),('57451A6F4EB25','57451A6F4D773','Kipp','Smith'),('57451A8794EE8','57451A8793F0F','Dean','Lee'),('57451AA310B5B','57451AA30FC03','Henry','Ferris'),('57453D794E4B3','57453D794D4C8','Jayden','Nguyen'),('57453D794E84F','57453D794D4C8','Henry','Ta'),('57453D794EC35','57453D794D4C8','Cooper','Hale'),('57453D794F01C','57453D794D4C8','Tatva','Patel'),('57453D794F457','57453D794D4C8','Kody','Booth'),('57463256B7A5C','57463242EFC77','Place 1','Holder'),('57463256B826F','57463242EFC77','Place 2','Holder'),('57463256B8A46','57463242EFC77','Place 3','Holder'),('57463256B91C7','57463242EFC77','Place 4','Holder'),('57463256B9998','57463242EFC77','Place 5','Holder'),('57464ABCD0CD7','57464ABCCFD73','Lenny','White'),('57464B0D8C557','57464B0D8B5E4','Mark','Luce'),('57464B0D8C98E','57464B0D8B5E4','Breanna','Sweeney'),('57464B0D8CD76','57464B0D8B5E4','Georgie','Curtain'),('57464B45F0224','57464B45EF28A','Luke','Ashley'),('57464B45F09F2','57464B45EF28A','Ethan','Meadows'),('57466C38F1977','57466C38F09FB','Lexi','McConkey'),('57466C38F2150','57466C38F09FB','Isablel','Bennett'),('57466C38F291E','57466C38F09FB','Ella','Barlow'),('57466C38F30EC','57466C38F09FB','Tisa','Mokhtari'),('57466C88BD3CA','57466C88BC081','Ethan','Alston'),('57466C88BDBD4','57466C88BC081','Justin','Rose'),('57466C88BE3A2','57466C88BC081','Thomas','West'),('57466CBD46607','57466CB409CDF','Mitch','Wall'),('57466CBD469DF','57466CB409CDF','Niko','Nacaveno'),('57466CBD46DC0','57466CB409CDF','Ned','Beachem'),('57466DB089DCC','57466DB088E88','Natasha','Grant'),('57466DB08A1B9','57466DB088E88','Tara','Gowers'),('57466DB08A5A3','57466DB088E88','Zoe','French'),('57466DB08A9BF','57466DB088E88','Eilidh','McDonough'),('57466DD6C7FB2','57466DD6C6C2F','Parker','Wolchyn'),('57466DD6CAEC4','57466DD6C6C2F','Cam','Armstrong'),('57466DD6CB662','57466DD6C6C2F','Aiden','McCusker'),('574CCE8019FDC','574CCE801908A','Phillip','Viviers'),('574CCE8022100','574CCE801908A','Henrico','Eybers'),('574CCEE528492','574CCEE5274F6','Melwin','Jolly'),('574CCEE528879','574CCEE5274F6','Ben','Hunt'),('574CCEF1F2DF0','574CCEE752BB6','Joseph','Tadros'),('574CCEF1F31DB','574CCEE752BB6','Jazziah','Smith'),('574CD563A6B2B','574CD563A6380','Xavier','Hasiotis-Welsh'),('574CD563A6ED0','574CD563A6380','Jaiden','Micallef'),('574CD5AB63607','574CD5AB61E96','Kairav','Ahuja'),('574CD5AB63A23','574CD5AB61E96','Cooper','Shannon'),('574CD5CE805A3','574CD5CE7F64C','Hannah','Slee'),('574CD5CE80990','574CD5CE7F64C','Isabella','Renda'),('574CD5CE80D75','574CD5CE7F64C','Emily','Thistlethwaite'),('574CD60DB8CB9','574CD60DB7CE2','Jai','Tolson'),('574CD60DB9068','574CD60DB7CE2','Tristen','Lindner'),('574CDF6C3E330','574CDF6C3D391','Audrey','Ringe'),('574CDF6C3E718','574CDF6C3D391','Wilson','Ringe'),('574CDF6C3EAFC','574CDF6C3D391','Ezrah','Walsh'),('574CDF6C3EEE4','574CDF6C3D391','Baylee','Degroot'),('574CDF6C3F2D0','574CDF6C3D391','Sienna','Richards'),('574CE7E5EFB4C','574CE7E5EEC04','Callum','Parkinson'),('574CE8F4ABC1C','574CE8F4AACC9','Matthew','Davies'),('574CE8F4AC004','574CE8F4AACC9','Nathan','Levens'),('574CE8F4AC3EC','574CE8F4AACC9','Brody','Hocking'),('574CE8F4AC7D5','574CE8F4AACC9','Deegan','Streeter'),('574CE9BA9D01D','574CE9BA9B844','Brad','Scott'),('574CE9BA9D405','574CE9BA9B844','Aidan','Russell'),('574CE9BA9D7CF','574CE9BA9B844','Jordyn','Hatfield'),('574CE9BA9DC28','574CE9BA9B844','Matthew','Flind'),('574CEA1148825','574CE8F4AACC9','Aiden','Sinclair'),('574CEAAA24C38','574CEAAA23CEF','Ben','Arklay'),('574CEAAA2540B','574CEAAA23CEF','Gwen','Anderson'),('574CEAAA25BDB','574CEAAA23CEF','Ben','krajewski'),('574CEB39C8F85','574CEB39C7C54','Leland','Smith'),('574CEB39C9754','574CEB39C7C54','Gryffyn','Temple - Sharpe'),('574CEB39C9F66','574CEB39C7C54','Cameron','Ferguson'),('574CEB39CA737','574CEB39C7C54','Nicolas','Drohan'),('574E345CADE52','574E34379B780','Kaylea','Blanks'),('574E34C87925E','574E34379B780','Jordy','CNPS'),('574E34EC34B33','574E34EC33775','Lorelai','Henderson'),('574E34EC34F1E','574E34EC33775','Mungo','CNPS'),('574E350ABEACE','574E350ABE2F9','Beau','CNPS'),('574E350ABEE7D','574E350ABE2F9','Harvey','Nery'),('574F68009008A','574F68008F0EF','Macy','Shearer'),('574F680090857','574F68008F0EF','Olivia','Hitchcock'),('574F680091023','574F68008F0EF','Mekylah','Isip'),('574F6800917DE','574F68008F0EF','Shelbi','Byron'),('574F68CFA569B','574F68CFA46FB','Lianne','Revilla'),('574F68CFA5E6A','574F68CFA46FB','Ria','Victor Susainathan'),('574F68CFA667B','574F68CFA46FB','Taya','Mead'),('574F68FC73908','574F68FC729CD','Holley','Laity'),('574F68FC740D5','574F68FC729CD','Cloe','Varga'),('574F68FC748A5','574F68FC729CD','Sommer','Walker'),('574F6930A1021','574F6930A0086','Paige','McDonald'),('574F6930A140D','574F6930A0086','Camille','Frawley'),('574F87C438B60','574F68FC729CD','Prithika','Ramesh'),('574F913523FA6','574F913522FCA','Ewan','Martin'),('5754F59F54B65','5754F59F53BA3','Peter','Gill'),('5754F59F54F29','5754F59F53BA3','Edwin','John'),('5754F5F07593D','5754F5F07495D','Sebastian','Ballard'),('5754F5F075CE6','5754F5F07495D','Thomas','Shanahan'),('5754F6313B39A','5754F6313A822','Thomas','Hegyesi'),('5754F6313B784','5754F6313A822','Barnaby','Maxwell'),('5754F67737F52','5754F6773739A','Ebony','Lillico'),('5754F67738760','5754F6773739A','Tyler','Costin'),('5754F6CFA1284','5754F6CFA0353','Arnold','Shanahan'),('5754F6CFA166D','5754F6CFA0353','Nicholas','Cristo'),('5754F75CC493C','5754F75CC399E','Joshua','Spence'),('5754F75CC4D25','5754F75CC399E','Angus','King'),('5754F75CC510C','5754F75CC399E','Shaun','Altmann'),('5754FB0797DA1','5754FB07975D8','Aden','Diamond'),('5754FB07981B9','5754FB07975D8','Ethan','Boasman'),('5754FB0798578','5754FB07975D8','Sasha','Lyon'),('5754FB0798958','5754FB07975D8','Nicholas','Gill'),('5758B3BAC76DE','5758B3BAC67A5','Isaac','Hanneysee'),('5758B3BAC7AC7','5758B3BAC67A5','Nathan','Georgiadis'),('5758B472A99C4','5758B472A9214','Angus','Heathcote'),('5758B472A9D71','5758B472A9214','Jamie','Stevenson'),('5758B472AA155','5758B472A9214','Declan','Gibson'),('5758B472AA53D','5758B472A9214','Oliver','Humphries'),('5758B6EC84EA9','5758B6EC83F0C','Hamilton','West'),('5758B6EC856B9','5758B6EC83F0C','Benjamin','Vaitohi'),('5758BB2DA6320','5758BB2DA5B4E','George','Burrows'),('5758BB2DA6707','5758BB2DA5B4E','Ben','Sorbara'),('5758DBBF3A273','5758DBBF392DA','Lachlan','Angus'),('5758DBBF3A65C','5758DBBF392DA','Xander','Profaca'),('575A70848CF8B','575A70848BD7D','Josh','James'),('575A708490A21','575A70848BD7D','Lachlan','Brown'),('575A708490E08','575A70848BD7D','Jess','Rodgers'),('575A7084911F1','575A70848BD7D','Dylan','Parsons'),('575A70CB9CEED','575A70CB9BF53','Josh','James'),('575A70CB9D312','575A70CB9BF53','Lachlan','Brown'),('575A70CB9D6FA','575A70CB9BF53','Jess','Rodgers'),('575A70CB9DAF6','575A70CB9BF53','Dylan','Parsons'),('575A710349A08','575A710348AE4','Maxwell','Rea'),('575A710349E39','575A710348AE4','Joseph','Heffernan'),('575A712AB1B69','575A712AB0C3A','Maxwell','Rea'),('575A712AB233E','575A712AB0C3A','Joseph','Heffernan'),('575F678A91D26','575F678A909A6','Marlo','Cockerill'),('575F678A924FB','575F678A909A6','Scarlett','Mc Lachlan'),('575F678A92D00','575F678A909A6','Charlie','Rosicka'),('575F678A934C4','575F678A909A6','Emma','Thomas'),('575F678A93C96','575F678A909A6','Mackenzie','Lenton'),('575F6CE259402','575F6CE2588A3','Aiden','Wong'),('575F6CE259BD1','575F6CE2588A3','Jonah','Lenton'),('575F6CE25A3D1','575F6CE2588A3','Joshua','Howlett'),('575F6E4FC2679','575F6E4FC177E','Zoe','Van Der Velde'),('575F6E4FC2EC4','575F6E4FC177E','Leo','O\'Flaherty'),('575F6E4FC32CC','575F6E4FC177E','Owen','Worsam'),('575F6E4FC369A','575F6E4FC177E','Fergus','Hennessy'),('575F6EB7CC422','575F6EB7CB86F','Dylan','Hewett-Peraud'),('575F6EB7CCBCF','575F6EB7CB86F','Richard','Andrew'),('575F6EB7CD39C','575F6EB7CB86F','Hamish','Pittendrigh'),('575F6EB7CDB6D','575F6EB7CB86F','Henry','Pittendrigh'),('575FADB57EC24','575FADB57DCC2','Aiden','Peers'),('575FADB57F00D','575FADB57DCC2','Edward','Hoysted'),('575FADB57F3F6','575FADB57DCC2','Hugh','Humphris'),('575FAE03E9244','575FAE03E8265','Mason','McVilly'),('575FAE03E9616','575FAE03E8265','Oliver','Doull'),('575FAE62BEB13','575FAE62BDB43','Alaina','Peacock'),('575FAE62BF2AD','575FAE62BDB43','Daniel','Sollars'),('575FAE62BF694','575FAE62BDB43','Caleb','D\'Costa'),('575FAEA6BC654','575FAEA6BB70E','Sam','Blomfield'),('575FAEA6BCA3D','575FAEA6BB70E','James','Martin'),('575FAF2D501BD','575FAF2D4F290','Mitch','Garrett'),('575FAF2D50989','575FAF2D4F290','Grady','Goodson'),('575FAF2D51155','575FAF2D4F290','Corey','Parnell'),('575FB06F43640','575FB06F422B9','Liam','Beasant'),('575FB06F43E4E','575FB06F422B9','Jack','Dyson'),('575FB06F445E0','575FB06F422B9','Tom','Renouf'),('575FB06F449C5','575FB06F422B9','Kyle','Sykstus'),('575FB1B962395','575FAE03E8265','Josh','Birch'),('575FB1FBED54E','575FAE03E8265','Hayden','Fernee'),('575FB2821E646','575FB23C439F9','Brianna','Hopper'),('575FB2821F1FC','575FB23C439F9','Olivia','Bykersma'),('575FB2821F5E3','575FB23C439F9','Emily','Mortimer'),('575FB2D12947B','575FB2D1288F4','Bailey','Greenwood'),('575FB2D129863','575FB2D1288F4','Jordan','Cormack'),('575FB2D129C4C','575FB2D1288F4','Lewis','Schmidtke'),('575FB311A743E','575FB311A645E','Thomas','Severn'),('575FB311A77E7','575FB311A645E','Ryan','McPadden'),('575FB364D5735','575FB364D4FC2','Alex','Arbuckle'),('575FB364D5B1E','575FB364D4FC2','Maddi','Connally'),('575FB3D49FE69','575FB3D49F695','Asha','Doble'),('575FB3D4A022E','575FB3D49F695','Cara','Doran'),('575FB3D4A0612','575FB3D49F695','Amelia','Farrugia'),('575FB42B91B4E','575FB42B90B5A','Archie','Doull'),('575FB42B9231B','575FB42B90B5A','Romani','Rubio'),('575FB42B92A97','575FB42B90B5A','Felix','Webb'),('575FB4E7488E8','575FB4AA57E45','Alexandra','Smith'),('575FB4E7490B4','575FB4AA57E45','Maddison','Pfaender'),('575FB4E749883','575FB4AA57E45','Missie','McNay'),('575FB4E74A08E','575FB4AA57E45','Elizabeth','Heath'),('575FB58A01F8C','575FB58A00FB5','Ollie','Connan'),('575FB58A02720','575FB58A00FB5','Jaxon','Mallett'),('575FB58A02B09','575FB58A00FB5','James','Croswell'),('575FB58A02EF1','575FB58A00FB5','Will','Umhauer'),('575FB5E188AD6','575FB5E187B8E','Alex','Corinaldi'),('575FB5E188EC0','575FB5E187B8E','Rupert','Humphris'),('575FB6F16A914','575FB6779CB32','Toby','Roberts'),('575FB6F16B0FA','575FB6779CB32','Quinlan','Hames'),('575FB6F16B50F','575FB6779CB32','Cooper','Smith'),('575FB75618EE0','575FB75617F75','William','Cook'),('575FB756192C7','575FB75617F75','Harley','Corless'),('575FB756196AD','575FB75617F75','Charlie','Mander'),('5760F09EA7B16','5760F09EA6B7F','Bailey','Kadjakoro'),('5760F09EA82B7','5760F09EA6B7F','Christopher','Matthews'),('5760F09EA8A81','5760F09EA6B7F','Tholbok','Deng'),('576781E14E7CA','576781E14DFF8','Tyson','Phakasy'),('576781E14EBB0','576781E14DFF8','Bharatinder','Dhillon'),('5767821AEC99C','5767821AEBA61','Sam','Magagna'),('5767821AECD81','5767821AEBA61','Dash','Baumann'),('5767824069E50','576782406921E','Angelo','Ng'),('576782406A1BA','576782406921E','Cooper','Steendam'),('5767826920710','576782691F736','Lachlan','Mitchell'),('5767826920EE1','576782691F736','Nathan','Orrell'),('57678291B7D93','57678291B6E6E','Cooper','Steendam'),('57678291B8178','57678291B6E6E','Rudolph','Sherman'),('576782C152AA5','576782C151B74','Dilip','Sagi'),('576782C152E8F','576782C151B74','Nicholas','Stevens'),('5767830CF38F9','5767830CF3124','Tom','O\'Neill'),('5767830CF3CE1','5767830CF3124','Samuel','Kubik'),('5767834EA61E8','5767834EA52A1','Rajvir','Singh'),('5767834EA65D6','5767834EA52A1','Riley','Phakasy'),('57678393BC012','57678393BB47F','Pranoy','Roy'),('57678393BC7C1','57678393BB47F','Bhavya','Tomar'),('576783D87FD3D','576783D87ED9C','Olivia','Berry'),('576783D880123','576783D87ED9C','Sienna','Lynch'),('576783D88050A','576783D87ED9C','Jordyn','Townsend'),('576783D8808F7','576783D87ED9C','Bianca','Orzoi'),('576783FFA9E99','576783FFA96F0','Caileigh','Gillen'),('576783FFAA28D','576783FFA96F0','Molly','Murphy'),('576783FFAA66A','576783FFA96F0','Imogen','Stocking'),('5767842735868','5767842734931','Jasmine','Lane'),('5767842735C51','5767842734931','Skye','McAllister'),('5767846B961BE','5767846B959F1','Jordyn','Squire'),('5767846B965A8','5767846B959F1','Amber','Thomas'),('5767846B969CA','5767846B959F1','Melodee','Mathews'),('5767846B96D77','5767846B959F1','Lucy','Dexter'),('576784AA8F0F9','576784AA8E198','Raya','Stinchcomb'),('576784AA8F51C','576784AA8E198','Darcy','McMahon'),('5767850403935','5767850402A15','Nathan','Kovac'),('5767850404109','5767850402A15','Ryan','Karunaratna'),('5767850404911','5767850402A15','Josh','Withanage'),('57678504050DF','5767850402A15','Ayden','Ritchie'),('57678549D7DAB','57678549D6E5F','Jhaanvee','Dewan'),('57678549D81B7','57678549D6E5F','Rithvika','Senthilkumar'),('57678549D857A','57678549D6E5F','Kiarra','Stevens'),('57678549D8D48','57678549D6E5F','Juna','Gemmell'),('5768ABF838BA6','5768ABF837805','Gus','Minto-Coucher'),('5768ABF839336','5768ABF837805','Jared','Turnley'),('5768ABF839742','5768ABF837805','Lachlan','Turnley'),('5768ABF839B29','5768ABF837805','Joel','Launder'),('5768AC591CDBF','5768AC591BE63','Parsa','Babadi Noroozi'),('5768AC6F1160D','5768AC6F10AB1','Noah','McAliece'),('5768AC9092FF5','5768AC9091C41','Gerald','Devaraj'),('5768AC9093794','5768AC9091C41','Jeremy','Lau'),('5768ACB85ED6D','5768ACB85DDB8','Daniel','Hewitt-Perraud'),('5768ACD7C1758','5768ACD7C0808','Eden','Esh'),('5768ACD7C1B47','5768ACD7C0808','Chamya','Aberathna'),('5768AD517EF95','5768AD517E02E','Rachit','Tamrakar'),('5768AD517F7B1','5768AD517E02E','Marcus','Chen'),('5768AD739DEF9','5768AD739CFAF','Zhe-Wei','Shen'),('5768AD739E6C7','5768AD739CFAF','Kevin','Peng'),('5768ADA29BE4C','5768ADA29B295','James','Thomson-Hicks'),('5768ADCAA347A','5768ADCAA251E','Thomas','White'),('5768ADCAA3864','5768ADCAA251E','Liam','Brennan'),('5768ADE65020C','5768ADE64F2D5','Harry','Choi'),('5768ADE6505F6','5768ADE64F2D5','Lucas','Berry'),('5768ADFB8422F','5768ADFB807F2','Joel','Withers'),('5768ADFB84655','5768ADFB807F2','William','Park'),('5768AE13C40A0','5768AE13C30FB','Jeffery','Yew'),('5768BE8C5DBBC','5768BE8C5CC55','Mithun','Subramanian Balanand'),('5768BE8C5E387','5768BE8C5CC55','Rowan','Lister'),('5768BE8C5EB97','5768BE8C5CC55','Sebastian','Keet'),('5768BF17E72DF','5768BF17E6B10','Gabriel','Pogreb'),('5768BF17E76FD','5768BF17E6B10','Rohan','Subbarayalu'),('5768BF17E7AAF','5768BF17E6B10','Blake','McDonald'),('5768BFE662102','5768BFE66196D','Jared','Martin'),('5768BFE6624E7','5768BFE66196D','Clement','Beazley'),('5768C0A967E13','5768C0A966EC4','Luke','Kiosoglous'),('5768C0A9685E3','5768C0A966EC4','Desmond','Lim'),('5768C0A968DB3','5768C0A966EC4','Aurthur','Mallios'),('5768C14D06690','5768C12DAA735','Viraj','Singh'),('5768C14D06AAA','5768C12DAA735','Hugo','Della Bosca'),('5768C14D06E5C','5768C12DAA735','Hunter','Lee'),('5768C14D07242','5768C12DAA735','Ken','z'),('5768C192DC647','5768C192DBE81','Luc','Mascitti'),('5768C192DCA2E','5768C192DBE81','Sam','Clark'),('5768C1E5D1BA8','5768C1E5D0BDB','Max','Glazebrook'),('5768C1E5D2349','5768C1E5D0BDB','Andrew','Moore'),('5768C39EBA48F','5768C39EB94F3','Thomas','Vanston'),('5768C39EBA879','5768C39EB94F3','Sophie','Xu'),('5768C489004CC','5768C488F3793','Ye','Liu'),('5768C48900C49','5768C488F3793','Darcy','Morrow'),('5768C48901033','5768C488F3793','Michael','Cetrola'),('5768C4890141A','5768C488F3793','Caleb','Wong'),('5768C48901804','5768C488F3793','Hanumanth','P'),('5768C522923BC','5768C52290070','Isaac','Webb'),('5768C52292B7F','5768C52290070','Grant','Zhong'),('5768C52293354','5768C52290070','Ethan','D'),('5768C52293B2B','5768C52290070','Cedric','J'),('5768C59CAEAD7','5768C59CAE309','Aden','K'),('5768C59CAEEC6','5768C59CAE309','Jesse','T'),('5768E0D6100CE','571F4CF56DACC','Diyon','D'),('576916C4068D9','576916BBA4753','Dulvin','D'),('576916C406CC0','576916BBA4753','Palindu','P'),('576916C4070A9','576916BBA4753','Dineth','D'),('576916D9E66D0','576916D9DBAE0','Hritik','H'),('576916D9E6EC0','576916D9DBAE0','Kashyap','K'),('576916D9E99EE','576916D9DBAE0','Rohan','R'),('576916D9EA19C','576916D9DBAE0','Tanay','T'),('576916F2D9E35','576916F2D927C','Isaih','I'),('576916F2DA21A','576916F2D927C','Ranuga','R'),('576916F2DA602','576916F2D927C','Dineth','W'),('576916F2DA9F1','576916F2D927C','Ryan','Z'),('5769170255376','5769170254440','Harsha','H'),('576917025575D','5769170254440','Sai','S'),('57691714E4D56','57691714E41D2','Alysandra','A'),('57691714E513E','57691714E41D2','Nathaniel','S'),('57691736CC607','57691736CB6C0','Bradley','L'),('57691736CCDD6','57691736CB6C0','Lejith','L'),('57691736CD5AA','57691736CB6C0','Thiviru','T'),('57691736CD9CA','57691736CB6C0','Diyon','D'),('57691736CE189','57691736CB6C0','Ryan','M'),('5769BF29A37AA','5769BF29A2862','Erfan','Mangani'),('5769BF29A3B93','5769BF29A2862','Jonathan','Chin'),('5769BF29A3F7B','5769BF29A2862','Kaven','Ratnanesan'),('576B5D62E569E','576B5D62E049D','Christopher','Rudel'),('576C978160257','576C97815794F','Connor','Silvester'),('576C978162913','576C97815794F','Jordon','Bourne'),('576C978162CFA','576C97815794F','Trent','Allain'),('576C978163115','576C97815794F','Broderick','Rosete'),('576C9781634CA','576C97815794F','Dior','Darmon'),('57708AA7BCDD7','57708AA7BC1E5','Leo','Terray'),('577F8BAF19481','577F8AED0255B','Luca','Elliot'),('577F8BAF19875','577F8AED0255B','Leah','Phan'),('577F8C185B40B','577F8C185AC78','Qing','Zhu'),('577F8C185B7EB','577F8C185AC78','Ian','MacGibbon-Parker'),('577F8C185BBD2','577F8C185AC78','Leo','Li'),('577F8C72C6D10','577F8C72C5D71','Charlotte','Hall'),('577F8C72C74DE','577F8C72C5D71','Greer','Van Rooyen'),('577F8C72C7CB0','577F8C72C5D71','Mikayla','Jevric'),('577F8C9844D48','577F8C9843D76','Luca','Elliot'),('577F8C98450FD','577F8C9843D76','Leah','Phan'),('577F8CBE807F0','577F8CBE7F8B4','Charlotte','Hall'),('577F8CBE80FC0','577F8CBE7F8B4','Greer','Van Rooyen'),('577F8CBE817B5','577F8CBE7F8B4','Mikayla','Jevric'),('577F8CF3C55A8','577F8CF3C460B','Qing','Zhu'),('577F8CF3C5990','577F8CF3C460B','Ian','MacGibbon-Parker'),('577F8CF3C5D7E','577F8CF3C460B','Leo','Li'),('5782FC3ED47B5','5782FC3ECCAB7','Jett','Sriratana'),('5782FC3ED4BB5','5782FC3ECCAB7','Skye','Sriratana'),('5782FC3ED4F87','5782FC3ECCAB7','Christabelle','Sriratana'),('5782FC3ED536E','5782FC3ECCAB7','Zoe','Sriratana'),('5782FCA9D9DCF','5782FCA9D8E93','Christabelle','Sriratana'),('5782FCA9DA59F','5782FCA9D8E93','Skye','Sriratana'),('5782FCC924BBE','5782FCC923C1F','Jett','Sriratana'),('5782FCC925390','5782FCC923C1F','Zoe','Sriratana'),('578322091EF59','578322091DC50','Felicity','Anderson'),('578322091F727','578322091DC50','Chelin','Jang'),('578322091FF33','578322091DC50','Rosemary','Nguyen'),('57832209206C9','578322091DC50','Salome','Obeysekere'),('5783220920E97','578322091DC50','Surabhi','Tharmaseelan'),('578322B6C00E6','578322B6BF111','Joash','Law'),('578322B6C087E','578322B6BF111','James','Zhang'),('578322FB4C7CB','578322FB4BFF5','Riveen','Gangoda'),('578322FB4CF9A','578322FB4BFF5','Dennis','Yahnov'),('5783234C3A050','5783234C390B7','Ryan','Lewis'),('5783234C3A43C','5783234C390B7','Matt','De Silva'),('5783234C3A866','5783234C390B7','Jon','Elstone'),('5783239C64673','5783239C636E0','Joel','Tan'),('5783239C64E45','5783239C636E0','Zachary','Yong'),('578323B16E684','578323B16D6E0','Nic','Emmanouil'),('578323B16EABB','578323B16D6E0','Luke','Tracey'),('578323B16EEA2','578323B16D6E0','Shaun','Ford'),('57832417CC825','57832417CBC6D','Habib','Taha'),('57832417CCFF4','57832417CBC6D','Damon','Kong'),('57832417CD7C7','57832417CBC6D','Chase','Lawson'),('578324DE9EB7D','578324DE9DFC4','Lachlan','Phung'),('578324DE9EF62','578324DE9DFC4','Cooper','Monger'),('578325AB5C0BC','578325AB5B531','Jonathan','Spiteri'),('578325AB5C4A3','578325AB5B531','Ashwin','Brammananth'),('578325E9943E0','578325E993085','Jue Lyas','Law'),('578326CF638CE','578325E993085','Kyle','Ng'),('57832734740CE','5783273473160','Anuka','Seveviratne'),('578327347489E','5783273473160','Yiheng','Ren'),('5783273475071','5783273473160','Faris','Truong'),('5783276F9D2F2','5783276F9C734','Liam','Wakefield'),('5783276F9D6D1','5783276F9C734','Derek','Sun'),('5783276F9DAB6','5783276F9C734','Wei Bo','Soo'),('578327B583E85','578327B5836B3','Hena','Singla'),('578327B584269','578327B5836B3','Rishara','Fernando'),('578327F489531','578327F488554','Sasha','Karlinsky'),('578327F489CFD','578327F488554','Joseph','Hartono'),('5783344E9D671','5783344E9CAE8','Andrew','Nguyen'),('5783344E9DA59','5783344E9CAE8','Bao','Nguyen'),('5783344E9DE42','5783344E9CAE8','Brian','Nguyen'),('5783344E9E228','5783344E9CAE8','Raymond','Thong'),('5783344E9E640','5783344E9CAE8','Derrick','Ma'),('5783354DE34A2','5783354DE0DF8','Tiffany','Lam'),('5783354DE3883','5783354DE0DF8','Erica','Dixon-Mason'),('5783354DE3C68','5783354DE0DF8','Carolyn','Prakash'),('5783354DE4050','5783354DE0DF8','Tharley','Nguyen'),('57837A7911BAB','57837A790AAA1','Jasper','McMahon'),('57837A7915A6F','57837A790AAA1','James','Pettersen'),('57837ADDC1AEE','57837ADDC0B23','Prateek','Pillai'),('57837ADDC1EB3','57837ADDC0B23','Matthew','Doyle'),('57837ADDC2292','57837ADDC0B23','Yeabkal','Sahile'),('57837ADDC267A','57837ADDC0B23','Alexander','Wilce'),('57837ADDC2A62','57837ADDC0B23','Joshua','Nibbs'),('57837B6D79919','57837B6D789BE','Dylan','Sanusi-Goh'),('57837B6D79D00','57837B6D789BE','Brendan','Rose'),('57837B6D7A0E9','57837B6D789BE','Kyle','Choi'),('57837B6D7A50F','57837B6D789BE','Meng','Lin'),('57837B6D7A8BA','57837B6D789BE','Alex','Socha'),('57837C2215CA9','57837C22154B3','Byron','Li'),('57837C2216C4D','57837C22154B3','Abhiram','Kashyap'),('57837C221700A','57837C22154B3','David','Helmerson'),('57837C2217418','57837C22154B3','Vladimir','Mikho'),('57837C868587F','57837C86844C9','Dinura','Balalla'),('57837C8686033','57837C86844C9','Vindinu','De Silva'),('57837C8686800','57837C86844C9','Chrishane','Amarasekara'),('57837DBA98E71','57837A790AAA1','Noelani','Taleyratne'),('5784621A7386B','5784621A728A8','Rodney','Cranswick'),('5784621A7401C','5784621A728A8','Noah','Larrett'),('5784621A747F1','5784621A728A8','Lara','Sweeny'),('5784621A74FBF','5784621A728A8','Emma','Boyd'),('5784621A7578C','5784621A728A8','William','Taylor'),('57846EF1E2DB7','57846EF1E1250','Mary','Abraham'),('57846EF1E319F','57846EF1E1250','Mille','Molyneux'),('57846EF1E3587','57846EF1E1250','Elissa','McIntyre'),('57846EF1E396E','57846EF1E1250','Gabrielle','Moffat'),('57846F22EFEC0','57846F22EF2C5','Mia','Kruger'),('57846F22F0268','57846F22EF2C5','Laura','Bonham'),('57846F22F064B','57846F22EF2C5','Kezia','Sanders'),('5784A778A2BBE','5784A7789F8FA','Scarlett','O\'Connor'),('5784A778A3391','5784A7789F8FA','Charlotte','Collins'),('5784A7B8123FC','5784A7B811801','Melody','Ch\'ng'),('5784A7B81279E','5784A7B811801','Chloe','Chiu'),('5784A7E17044B','5784A7E16F4EF','Ella','Callow-Sussex'),('5784A7E170C19','5784A7E16F4EF','Elizabeth','Madge'),('5784A86E216BE','5784A86E206D9','Zara','Bicknell'),('5784A86E22646','5784A86E206D9','Emmy','Horman'),('5784A86E22DE8','5784A86E206D9','Saskia','Jackson-Smith'),('5784A8B40C8D3','5784A8B40B8FA','Coco','Butterfield'),('5784A8B40CC80','5784A8B40B8FA','Jessica','Fettell'),('5784A8B40D065','5784A8B40B8FA','Katherine','Howell'),('5784A8F28ACFA','5784A8F28A146','Aleisha','Paul'),('5784A8F28B0E2','5784A8F28A146','Mellyn','Sun'),('5784A91F001EA','5784A91EF3465','Sophie','Menagh'),('5784A91F01571','5784A91EF3465','Helen','Yang'),('5784A93F9352E','5784A93F925C7','Nesreen','Taher'),('5784A93F93CFC','5784A93F925C7','Emily','Menagh'),('57858FCDE37E0','573E5BB43D4DD','Imogen','Rawlings'),('5785900EF3996','573E601ACC0EE','Imogen','Rawlings'),('5785905CC8534','573E601ACC0EE','Bianca','Di Campo'),('578590740DC31','573E601ACC0EE','Grace','Gibson'),('5785908C0141D','573E601ACC0EE','Isabelle','Young'),('57872C0247EDB','57872B604D537','Flynn','Hanrahan'),('57872C024A9A2','57872B604D537','James','Williamson'),('57872C3EE43DD','57872C3EE3493','Ted','O\'Malley'),('57872C3EE47C5','57872C3EE3493','William','Hoare'),('57872D35B9C7D','57872D35B94EA','Harry','Sadler'),('57872D35BA065','57872D35B94EA','Bailey','Cullen'),('578C27AF81690','578C27AF806EB','Enda','Han'),('578C27AF81AAF','578C27AF806EB','Leroy','Liu'),('578C27AF81E95','578C27AF806EB','Jemott','Mohan'),('578C2820307B1','578C28202FC57','Kai','Nielsen'),('578C282030B9C','578C28202FC57','Biley','Yoong'),('578C286662A59','578C286661ABB','Danil','Yahnov'),('578C286663228','578C286661ABB','Shaun','Mok'),('578CA1F93AF64','578CA1F939C37','Kyle','Lim'),('578CA224A1FE3','578CA224A0C22','Kyle','Lim'),('578D51C1EF2C3','578D51C1EDF73','Tim','Ronchi'),('578D51C1EFAC1','578D51C1EDF73','Dominic','Verratti'),('578D51C1F02A9','578D51C1EDF73','Zac','McWilliam'),('578D522A7C837','578D522A7B86F','Anna','Cripsey'),('578D522A7CBF3','578D522A7B86F','Annelies','Van Haaps'),('578D525956978','578D52595599B','Liam','Whitehouse'),('578D525956D1F','578D52595599B','Darcy','Bryce'),('578D52C60503B','578D52C6040DF','Jeremy','Lewis'),('578D52C605426','578D52C6040DF','Campbell','Bainbridge'),('578D531669052','578D53166612E','Zander','Rintoul'),('578D531669407','578D53166612E','Zoe','Alpherts'),('578D5316697ED','578D53166612E','Sofia','Samson'),('578D5344AFF9B','578D5344AF037','Will','Thompson'),('578D5344B0383','578D5344AF037','Hannah','Henzell'),('578D53B7A16B2','578D53B7A0747','Asher','Pang'),('578D53B7A1A9F','578D53B7A0747','Ned','Tozer'),('578D53DB2EDB8','578D53DB2E5E5','Charlie','Coady'),('578D53DB2F19E','578D53DB2E5E5','Eugene','Cotton'),('578D545952CD9','578D54595255F','Imogen','Enyon-Cooke'),('578D5459530BF','578D54595255F','Rhiannon','Hughes'),('578D794BE9E9D','578D794BE92B9','Tahlia','Delaney-Murnane'),('578D7A30C8D8A','578D7A30C7DE1','Sharon','Mascarenhas'),('578D7A30C9167','578D7A30C7DE1','Harini','Guddanti'),('578D7ABF7680A','578D7ABF76080','Omri','Segal'),('578D7B15D53DA','578D7B15D4C17','Paul','Palatsides'),('578D7B15D57D5','578D7B15D4C17','Louis','Moore'),('578D83D71E06A','578D794BE92B9','Ariella','Hain'),('578DC169D1D0B','578DC169D1190','Aarush','Sharma'),('578DC169D20F1','578DC169D1190','Rohit','Rajesh'),('578DC169D2517','578DC169D1190','Advay','Kumar'),('578DC1BA34C49','578DC169D1190','Ankit','Bingekar'),('578DC25FDE52B','578DC25FDD58B','Joseph','Davies'),('578EEC58E3968','578EEBFA16EF7','lachlan','holt'),('578EEC58E3DB1','578EEBFA16EF7','Dhugal','leathley'),('578EEC58E4138','578EEBFA16EF7','Yash','Nair'),('578EED7984B3C','578EED7983B67','Hyuk','Kim'),('578EED79852D3','578EED7983B67','ashwanth','manoj kumar'),('578EF88CBF8A0','578EF88CBE8FF','Bo Hong','Huang'),('578EF88CC006E','578EF88CBE8FF','Jayden','Ng'),('578EF8DC09167','578EF8DC08210','Stephanie','Liang'),('578EF8DC09935','578EF8DC08210','Amy','Sun'),('578F01ADC9A4B','578F01ADC92A6','Connor','Silvester'),('578F01ADC9E32','578F01ADC92A6','Jordon','Bourne'),('578F01ADCA251','578F01ADC92A6','Dior','Darmon'),('578F04E0B8AF5','578F04E0B7B15','Aidan','Mathers'),('57946E0FC0C90','57946E0FBFDC5','Shelbi','Byron'),('57946E0FC107A','57946E0FBFDC5','Olivia','Hitchcock'),('57946E0FC145E','57946E0FBFDC5','Macy','Shearer'),('57946E0FC184D','57946E0FBFDC5','Mekylah','Isip'),('57946E3F0FED2','57946E3F0EF37','Kody','Booth'),('57946E3F102F1','57946E3F0EF37','Cooper','Hale'),('57946E3F106A1','57946E3F0EF37','Jayden','Nguyen'),('57946E3F10A94','57946E3F0EF37','Tatva','Patel'),('57946E3F10E72','57946E3F0EF37','Henry','Ta'),('57946E60509C1','57946E604FA10','Bailey','Kadjakoro'),('57946E6050D94','57946E604FA10','Christopher','Matthews'),('57946E6051179','57946E604FA10','Tholbok','Deng'),('57946E8219665','57946E8218AB0','Taya','Mead'),('57946E8219A50','57946E8218AB0','Lianne','Revilla'),('57946E8219E36','57946E8218AB0','Ria','Victor Susainathan'),('57946EA3134A7','57946EA312554','Camille','Frawley'),('57946EA313C77','57946EA312554','Paige','McDonald'),('57946EBD48E8C','57946EBD47F42','Holley','Laity'),('57946EBD49297','57946EBD47F42','Sommer','Walker'),('57946EBD4965C','57946EBD47F42','Cloe','Varga'),('57946EBD49A2E','57946EBD47F42','Prithika','Ramesh'),('5794A06E48E21','5794A06E47E7D','Roshan','Rathnayake'),('5794A09967E4C','5794A099643BC','Nicholas','Barry'),('579592DE4CED1','579592DE4BF7F','Connor','Silvester'),('579592DE4D2B9','579592DE4BF7F','Jordon','Bourne'),('579592DE4D6A1','579592DE4BF7F','Dior','Darmon'),('5795A190C887B','5767821AEBA61','Robert','Glavan'),('5796F5568DE14','5796F5568BF43','Elliot','Choi'),('5796F5568E1FB','5796F5568BF43','Fabian','Ong'),('579812CF0CBF2','579812CF0BC54','Laura','Bonham'),('579812CF0D01A','579812CF0BC54','Mia','Kruger'),('579812CF0D7A9','579812CF0BC54','Kezia','Sanders'),('579812FCB0C6A','579812FCAF8AB','Mary','Abraham'),('579812FCB1439','579812FCAF8AB','Elissa','McIntyre'),('579812FCB1C09','579812FCAF8AB','Gabrielle','Moffat'),('579812FCB23D8','579812FCAF8AB','Mille','Molyneux'),('579982609E6E8','579982609D71D','Parker','Wolchyn'),('579982609EEB5','579982609D71D','Cam','Armstrong'),('579982609F656','579982609D71D','Aiden','McCusker'),('579982929A214','5799829299298','Zoe','French'),('579982929A600','5799829299298','Tara','Gowers'),('579982929A9E3','5799829299298','Natasha','Grant'),('579982929ADC7','5799829299298','Eilidh','McDonough'),('579982B72C2C4','579982B72B2F7','Ned','Baechem'),('579982B72C67B','579982B72B2F7','Niko','Nacaveno'),('579982B72CA61','579982B72B2F7','Mitch','Wall'),('579982E2BC701','579982E2BB7D6','Ella','Barlow'),('579982E2BCAEB','579982E2BB7D6','Isablel','Bennett'),('579982E2BCED7','579982E2BB7D6','Lexi','McConkey'),('579982E2BD2F9','579982E2BB7D6','Tisa','Mokhtari'),('57999A145393C','57999A144667F','Jimmy','Carter'),('57999A1454146','57999A144667F','Joshua','Morisi'),('57999A4C57755','57999A4C5676B','Emma','Harper'),('57999A4C57AF1','57999A4C5676B','Zach','Vince'),('57999AEECDDEF','57999AEECCDFD','Raph','Crawford'),('57999B1215B56','57999B07EB518','Ewan','Martin'),('57999B5586B03','57999B5585BC9','Xander','Doyle'),('57999B5586EEA','57999B5585BC9','Jonah','Wright'),('57999B8CEB405','57999B8CEA4DB','Noah','Wright'),('579AB9D7E9CFF','579AB9D7E8D48','Leah','Doyle'),('579AB9D7EA0EB','579AB9D7E8D48','Natalie','Freeman'),('579AB9D7EA4D2','579AB9D7E8D48','Alannah','Perry'),('579ABA0BB946E','579ABA0BB8112','Kaylem','Howard'),('579ABA0BBCB28','579ABA0BB8112','Josh','Linehan'),('579AE1A2207CE','579AE1A21FBDF','Mason','McVilly'),('579AE30B58517','579AE30B571CE','Quinlan','Hames'),('579AE30B5893E','579AE30B571CE','Cooper','Smith'),('579AE3EDD1F04','579AE3EDD0F66','Olivia','Bykersma'),('579AE3EDD22EA','579AE3EDD0F66','Brianna','Hopper'),('579AE3EDD270D','579AE3EDD0F66','Emily','Mortimer'),('579AE8CCF2B8E','579AE8CCF2389','Hugh','Moran'),('579AE8CCF3328','579AE8CCF2389','Isaac','Malone'),('579AEB131EEC5','579AEB131E6F7','Cooper','Harvey'),('579AEB131F2AB','579AEB131E6F7','Cameron','Shirna'),('579BF0E7E22DE','579BF0E7E0F6C','Sabkan','Khaleque'),('579BF0E7E5984','579BF0E7E0F6C','Abhaya','Peiris'),('579BF0E7E6152','579BF0E7E0F6C','Anthony','Vu'),('579BF0E7E6901','579BF0E7E0F6C','Daniel','Lin'),('579BF0E7E70D2','579BF0E7E0F6C','Samuel','Loh'),('579BF132E55AE','579BF132E4E40','Eric','Choi'),('579BF132E5998','579BF132E4E40','Max','Simpson'),('579BF132E5D7C','579BF132E4E40','Owen','Feik'),('579BF132E6164','579BF132E4E40','Oscar','Kingham'),('579BF132E657A','579BF132E4E40','Eric','Phai'),('579BF174218EB','579BF174209AA','Gopal-Krsna','Singh'),('579BF17421CD9','579BF174209AA','Karthik','Murali'),('579BF1742210F','579BF174209AA','Andre','Villalon'),('579BF174224FB','579BF174209AA','Erick','Wong'),('579BF174228DC','579BF174209AA','Akash','Babu'),('579BF1ADA5CE4','579BF1ADA517B','Kristian','Baziotis-Kalfas'),('579BF1ADA60CE','579BF1ADA517B','Geenath','Singankuttiarachchige'),('579BF1ADA64B4','579BF1ADA517B','Daniel','Yung'),('579BF1ADA68EE','579BF1ADA517B','Nam','Tran'),('579BF1E31F8D4','579BF1E31E9A5','Bobby','Zhang'),('579BF1E3200A3','579BF1E31E9A5','Brendan','Ngo'),('579BF1E3208BA','579BF1E31E9A5','Joe','Christie'),('579BF1E321079','579BF1E31E9A5','Joshua','Hu'),('579BF1E321849','579BF1E31E9A5','Saksham','Aggarwal'),('579BF2249E828','579BF2249D84D','Leon','Chen'),('579BF2249EFFA','579BF2249D84D','Dylan','Mitchell'),('579BF2249F7C4','579BF2249D84D','Ryan','Chee'),('579BF2249FFAC','579BF2249D84D','Zhen','Tan'),('579BF224A0777','579BF2249D84D','Daniel','Zhu'),('579BF3633DBDA','579BF3633CC3A','Angus','Trau'),('579BF3633E3A5','579BF3633CC3A','Allan','Chan'),('579BF3633EB79','579BF3633CC3A','Ian','Chen'),('579BF3633F382','579BF3633CC3A','Shehan','Vitharana Pathirana'),('579BF3633FB58','579BF3633CC3A','Vi-King','Chin'),('579BF472D36D9','579BF472D26D5','Michael','Chen'),('579BF472D3E41','579BF472D26D5','Penn','Chen'),('579BF472D4610','579BF472D26D5','Martin','He'),('579BF472D4DE3','579BF472D26D5','Bryan','Chen'),('579BF4A888B54','579BF4A887BFB','Louie','Xuereb'),('579BF4A888F44','579BF4A887BFB','William','Giang'),('579BF4A889328','579BF4A887BFB','Jacob','Li'),('579BF4A88970D','579BF4A887BFB','Ruturaj','Patil'),('579BF4A889AF5','579BF4A887BFB','Jeremy','Annal'),('579BF4DB694AC','579BF4DB68513','Aahidh','Mohideen'),('579BF4DB69896','579BF4DB68513','Binh','Vu'),('579BF4DB69CC9','579BF4DB68513','Griffin','Collins'),('579BF4DB6A065','579BF4DB68513','Khairi','Mikael'),('579BF4DB6A44D','579BF4DB68513','Noel','Augustine'),('579BF50C6A642','579BF50C69A8F','Dinuk','Epa'),('579BF50C6AA29','579BF50C69A8F','Andrew','Zheng'),('579BF50C6AE11','579BF50C69A8F','Benjamin','Larkins'),('579BF50C6B1FB','579BF50C69A8F','Jason','Dai'),('579BF50C6B5DD','579BF50C69A8F','Qingyi','Zhang'),('579BF53E1396D','579BF53E12A22','Peter','Drew'),('579BF53E13D56','579BF53E12A22','Billy','Woods'),('579BF53E1413C','579BF53E12A22','Alan','Gu'),('579BF56C33479','579BF56C3250B','Richard','Huang'),('579BF56C33832','579BF56C3250B','Rithesh','Jayaram'),('579BF56C33C17','579BF56C3250B','Johnson','Chen'),('579BF56C33FFE','579BF56C3250B','Angus','Lye'),('579BF56C343E6','579BF56C3250B','Anthony','Si'),('579BF5AE57605','579BF5AE566CB','Siddhant','Arya'),('579BF5AE57DD0','579BF5AE566CB','William','Ding'),('579BF5AE585D9','579BF5AE566CB','Shalitha','Molagoda'),('579BF5AE58DA9','579BF5AE566CB','Ashwin','Madhavan'),('579BF5AE5957D','579BF5AE566CB','Alden','Vong'),('579BF5D68DE39','579BF5D68CED5','John','Bui'),('579BF5D68E223','579BF5D68CED5','Ben','Nguyen'),('579BF5D68E60E','579BF5D68CED5','Leon','Tran'),('579BF5D68E9F3','579BF5D68CED5','Elvis','Le'),('579BF5D68EDDE','579BF5D68CED5','Steven','Nguyen'),('579BF62515B7C','579BF62514BD7','Joshua','Nguyen'),('579BF62515F97','579BF62514BD7','Tij','Basantani'),('579BF62516370','579BF62514BD7','Aditya','Ajit'),('579BF62516758','579BF62514BD7','Jainam','Shah'),('579BF62516B51','579BF62514BD7','Jainil','Shah'),('579C54DC79741','579C54A1470C7','Zach','French'),('579C54DC79B2B','579C54A1470C7','Justin','Nguyen'),('579C54DC79F11','579C54A1470C7','Tianlin','Huang'),('579C54DC7A2F9','579C54A1470C7','Steven','Franke'),('579C55383D4C9','579C54A1470C7','Khoi','Nguyen'),('579DB419ABF67','579DB419AB3DB','Bao','Nguyen'),('579DB419AC34C','579DB419AB3DB','Brian','Nguyen'),('579DB419AC76A','579DB419AB3DB','Andrew','Nguyen'),('579DB419ACB53','579DB419AB3DB','Raymond','Thong'),('579DB419ACF39','579DB419AB3DB','Derrick','Ma'),('579DB4575EAA0','579DB4575DB15','Carolyn','Prakash'),('579DB4575EE8E','579DB4575DB15','Erica','Dixon-Mason'),('579DB4575F28F','579DB4575DB15','Tiffany','Lam'),('579DB4575F679','579DB4575DB15','Tharley','Nguyen'),('579EB27CE60BE','574CCEE752BB6','Jayson','Ostafe'),('579EB2AE4D5A7','574CCEE5274F6','Joel','Stephens'),('579EB2EB3DD01','574CCEE5274F6','Sam','Grant'),('579EB2F7AC986','574CCEE5274F6','Salang','Kang'),('579EB40829365','579EB408283C7','Ryan','Lewis'),('579EB4082974D','579EB408283C7','Matt','De Silva'),('579EB40829B40','579EB408283C7','Jon','Elstone'),('579EB40829F59','579EB408283C7','Habib','Taha'),('579EB49FD74D6','579EB49FD64F8','Nic','Emmanouil'),('579EB49FD7C64','579EB49FD64F8','Sean','Ford'),('579EB49FD8433','579EB49FD64F8','Damon','Kong'),('579EB49FD8C04','579EB49FD64F8','Chase','Lawson'),('579EB49FD93D3','579EB49FD64F8','Luke','Tracy'),('579ED9500DE78','579ED9500CF02','Jasmine','F'),('579ED9500E64A','579ED9500CF02','Victoria','B'),('579ED9500EE15','579ED9500CF02','Lydia','S'),('579ED9500F5E9','579ED9500CF02','Sasha','V'),('579ED9500FDB8','579ED9500CF02','Jaslyn','T'),('579ED97BCF3F1','579ED97BCEC23','Jesse','T'),('579ED97BCF807','579ED97BCEC23','Aden','K'),('579ED9C4079D5','579ED9C406A79','Ethan','D'),('579ED9C407DFC','579ED9C406A79','Cedric','J'),('579ED9C4081A6','579ED9C406A79','Isaac','W'),('579ED9C40858A','579ED9C406A79','Grant','Z'),('579EDA1EC6F00','579EDA1EC63A7','Michael','C'),('579EDA1EC76CC','579EDA1EC63A7','Ye','Liu'),('579EDA1EC7E9B','579EDA1EC63A7','Darcy','Marrow'),('579EDA1EC86A7','579EDA1EC63A7','Hanumanth','P'),('579EDA1EC8A9F','579EDA1EC63A7','Caleb','W'),('579EDA6701827','579EDA6700883','Clement','Beazley'),('579EDA6701C08','579EDA6700883','Jared','Martin'),('579EDAA29AB97','579EDAA299BA2','Thomas','V'),('579EDAA29B30E','579EDAA299BA2','Sophie','Xu'),('579EDADF94B20','579EDADF93BE3','Luc','Mascitti'),('579EDADF952ED','579EDADF93BE3','Sam','Clark'),('579EDB0E3BC75','579EDB0E3ACCF','Luke','K'),('579EDB0E3C41D','579EDB0E3ACCF','Desmond','Lim'),('579EDB0E3CC17','579EDB0E3ACCF','Arthur','M'),('579F221F85039','579F221F84481','Leo','Terray'),('579FEECAA360D','579FEECAA26BE','Tahlia','Delaney-Murnane'),('579FEECAA3E30','579FEECAA26BE','Ariella','Hain'),('579FEF56DFEA2','579FEF56DEB85','Lachie','Holt'),('579FEF56E0672','579FEF56DEB85','Dhugal','leathley'),('579FEF56E0E41','579FEF56DEB85','Alex','leathley'),('579FEF56E164B','579FEF56DEB85','Yash','Nair'),('579FEFA686F46','579FEFA686005','Paul','Palatsides'),('579FEFA687713','579FEFA686005','louis','moore'),('579FEFDE1C3D3','579FEFDE1B404','Omri','Segal'),('57A00D075E7B6','57A00D07468AB','Hazel','Pound'),('57A00D075EF86','57A00D07468AB','Amelie','Byrden'),('57A00D4EAF1FB','57A00D4EAE28F','Sinead','Carson'),('57A00D4EAF5E4','57A00D4EAE28F','Isabella','Shashian'),('57A016A0ABFF2','57A016A0AB06B','Sam','Files'),('57A016A0AC3AF','57A016A0AB06B','Bailey','Van Zwienen'),('57A016A0AC796','57A016A0AB06B','Jacob','Delany'),('57A016A0ACB7F','57A016A0AB06B','Kitty','Chau'),('57A016DB042C2','57A016DB00BEB','Ben','Files'),('57A016DB04687','57A016DB00BEB','Rolenson','Lau'),('57A016DB04A6B','57A016DB00BEB','Joe','Kemp'),('57A0173A1FCD0','57A0173A1ED2F','Harry','Beeton'),('57A0173A20075','57A0173A1ED2F','Taiyla','Ellis-Adams'),('57A0173A2102F','57A0173A1ED2F','Libby','Chu'),('57A0173A2140D','57A0173A1ED2F','Maia','Goldstein'),('57A017FCB200E','57A017FCB10A4','Addie','Woolford'),('57A017FCB23F6','57A017FCB10A4','Julia','Podgorska'),('57A017FCB27E2','57A017FCB10A4','Jade','Christofellis'),('57A1188153883','57A1188152C88','Reilly','Ballan'),('57A1188153C24','57A1188152C88','Bryce','Coady'),('57A118815400C','57A1188152C88','Senitha','Fernando'),('57A11881543F4','57A1188152C88','Bangk','Ngapansanthia'),('57A118815481E','57A1188152C88','Mile','Trifunovic'),('57A118E36E1C0','57A118E36CE94','Ethan','Leong'),('57A118E36E990','57A118E36CE94','Toby','Rosso'),('57A118E36F1A7','57A118E36CE94','Jessica','Rowland'),('57A118E36F969','57A118E36CE94','Chris','Shu'),('57A118E37012C','57A118E36CE94','Rio','Song'),('57A12DA9555B5','574CCEE752BB6','Jesse','Linossier'),('57A12DB910E22','574CCEE752BB6','Chris','Sanderson'),('57A12DD6DEC0A','574CCE801908A','Zailong','Zhou'),('57A15AC773923','57A15AC7729C4','Adem','Hussein'),('57A15AC773D0D','57A15AC7729C4','Talha','Gurkan'),('57A15AC7740F5','57A15AC7729C4','Eren','Himmetoglu'),('57A15AC774510','57A15AC7729C4','Zakir','Sivri'),('57A15B0B2A870','57A15B0B2987C','Ayan','Suhale'),('57A15B0B2AC05','57A15B0B2987C','Ammar','Tarique'),('57A15B0B2AFE9','57A15B0B2987C','Adem','Dennaoui'),('57A15B59B9C26','57A15B59B9457','Hamza','Karatas'),('57A15B59BA00D','57A15B59B9457','M.Ali','Kokcu'),('57A15B59BA3F5','57A15B59B9457','Abdul','Rahman'),('57A15BB3C03FC','57A15BB3BF4DB','Ali','Al zihari'),('57A15BB3C07E5','57A15BB3BF4DB','Seyyidcan','Celiker'),('57A15BB3C0BCC','57A15BB3BF4DB','Ahmad','Eidris'),('57A1787A8E66F','57A1787A8D6D0','Romanio','Rubio'),('57A1787A8EE3F','57A1787A8D6D0','Archie','Doul'),('57A1794FE2A6F','57A1794FE1ACE','Erfan','Mangani'),('57A1794FE2E8D','57A1794FE1ACE','Kaven','Ratnanesan'),('57A17987B3BCF','57A17987B2BF5','Jonathan','Chin'),('57A17E889ABC3','57A17E8899C64','Imogen','Jackson'),('57A17E889AFA5','57A17E8899C64','Will','Stone'),('57A17E889B38C','57A17E8899C64','Olivia','Guerra'),('57A17EBA5F404','57A17EBA5E4C0','Rebecca','Campbell'),('57A17EBA5F7EC','57A17EBA5E4C0','Lauren','Gill'),('57A17EBA5FBD3','57A17EBA5E4C0','Quynh','Do'),('57A17EDD5C0BA','57A17EDD5B894','Eric','Bai'),('57A17EDD5C444','57A17EDD5B894','Oliver','Bilston'),('57A17F03B9228','57A17F03B828B','Thomas','Moore'),('57A17F03B99FD','57A17F03B828B','Nick','Stringer'),('57A17F03B9DE6','57A17F03B828B','Alastair','MacKay'),('57A17F2A185A6','57A17F2A17654','Roger','Lu'),('57A17F2A1898E','57A17F2A17654','Taylor','Wilson-Quon'),('57A17F609CAA6','57A17F609BB55','Hagan','Coker'),('57A17F609D273','57A17F609BB55','David','Yang'),('57A17F609DA43','57A17F609BB55','Dylan','Sinclair'),('57A17F609E24B','57A17F609BB55','Stephen','Whalley'),('57A17F609EA16','57A17F609BB55','Zaid','Areff'),('57A17F742706F','57A17F74260D2','Ian','Ji'),('57A17F742745B','57A17F74260D2','Jerry','Lin'),('57A18016E8597','57A18016E7DCD','Ali','Shaban'),('57A18016E897E','57A18016E7DCD','Burak','Celebi'),('57A18016E8D67','57A18016E7DCD','Erdogan','Cosgun'),('57A18016E9178','57A18016E7DCD','Talha','Molla'),('57A180EFBD951','57A180EFBC9B3','Muntazar','Alobeidi'),('57A180EFBE124','57A180EFBC9B3','Imran','Turkmen'),('57A180EFBE8F1','57A180EFBC9B3','Eren','Kaya'),('57A180EFBF0C1','57A180EFBC9B3','Ali','Noor'),('57A1817C30399','57A1817C2EC5F','Osayd','Kashoa'),('57A1817C30B28','57A1817C2EC5F','Obada','Alzahabi'),('57A1817C312F8','57A1817C2EC5F','M. Al-Jawhary','M. Al-Jawhary'),('57A1817C31AFF','57A1817C2EC5F','Malyar','Khan'),('57A182E39012A','57A182E38E578','Semih','Doktoroglu'),('57A182E390503','57A182E38E578','Salih','Lelik'),('57A182E3908E7','57A182E38E578','Kerem','Onder'),('57A18418E030C','57A18418DCCC0','Mian','Muhammad'),('57A18418E0ADB','57A18418DCCC0','Emad','Al-Tamimi'),('57A18418E12AB','57A18418DCCC0','Ahmad','Rayaan'),('57A1879D30E91','57A1879D2FF4D','Lachlan','Angus'),('57A1879D3127B','57A1879D2FF4D','Xander','Profaca'),('57A187C46D48F','57A187C46C4F2','William','Hoare'),('57A187C46DC5E','57A187C46C4F2','Ted','O\'Malley'),('57A188177F671','57A188177E6D3','Flynn','Hanrahan'),('57A188177FA59','57A188177E6D3','James','Williamson'),('57A188AC12C8E','57A188AC11D43','Bailey','Cullen'),('57A188AC1307A','57A188AC11D43','Harry','Sadler'),('57A1898C28843','57A1898C27CD1','James','Hurren'),('57A1898C28C74','57A1898C27CD1','Callum','Burt'),('57A18A00B9158','57A18A00B434A','Ben','Sorbara'),('57A18A00B9909','57A18A00B434A','Jamie','Stevenson'),('57A18A00BA0CE','57A18A00B434A','George','Burrows'),('57A18A754C795','57A18A754B7A3','Isaac','Hanneysee'),('57A18A754CF11','57A18A754B7A3','Nathan','Georgiadis'),('57A18A754D6DF','57A18A754B7A3','Cameron','Mutsaerts'),('57A18A754DEB5','57A18A754B7A3','Chris','Kerry'),('57A1CE2886047','57A1CE28854F4','Sebastian','Ballard'),('57A1CE2886817','57A1CE28854F4','Thomas','Shanahan'),('57A1CE288701B','57A1CE28854F4','Peter','Gill'),('57A1CED3D4AB0','57A1CED3D3AD1','Deakin','Carr'),('57A1CED3D4E93','57A1CED3D3AD1','George','Fanaritis'),('57A1CED3D523C','57A1CED3D3AD1','Lachlan','Moloney'),('57A1CED3D5624','57A1CED3D3AD1','Patrick','Flood'),('57A1CF083C593','57A1CF083B262','Alex','Stevenson'),('57A1CF083CD64','57A1CF083B262','Kieran','Dempsey'),('57A1CF083D537','57A1CF083B262','Archie','De Vries'),('57A1CF347385C','57A1CF3472C9B','Aden','Diamond'),('57A1CF3473C52','57A1CF3472C9B','Nicholas','Gill'),('57A1CF3474025','57A1CF3472C9B','Ethan','Boasman'),('57A1CF59716E3','57A1CF59707E1','Sasha','Lyon'),('57A1CF59755A3','57A1CF59707E1','Shaun','Altmann'),('57A1CF5975D67','57A1CF59707E1','Jack','Peace'),('57A2785775872','57A2785774880','Kyle','Choi'),('57A2785775C56','57A2785774880','Meng','Lin'),('57A2785776031','57A2785774880','Brendan','Rose'),('57A2785776412','57A2785774880','Dylan','Sanusi-Goh'),('57A278C16C095','57A27877383CD','Matthew','Doyle'),('57A278C16C476','57A27877383CD','Joshua','Nibbs'),('57A278C16C85B','57A27877383CD','Prateek','Pillai'),('57A278C16CC40','57A27877383CD','Alexander','Wilce'),('57A278F45AC1C','57A278F459CE0','David','Helmerson'),('57A278F45B031','57A278F459CE0','Abhiram','Kashyap'),('57A278F45B3F2','57A278F459CE0','Byron','Li'),('57A278F45B8B4','57A278F459CE0','Vladimir','Mikho'),('57A2AF4D7A35B','57A2AF4D79B8C','Claire','Magris'),('57A2AF4D7A757','57A2AF4D79B8C','Julia','Magris'),('57A2B0125EC98','57A2B0125DD5D','Parnia','Khajehalijani'),('57A2B0125F467','57A2B0125DD5D','Caitlyn','Crawford'),('57A2B0125FC3A','57A2B0125DD5D','Elisa','Scholast'),('57A2B0C60A9FF','57A2B0C607F07','Eliza','macDonnell'),('57A2B0C60B1CB','57A2B0C607F07','Sophia','Quershi'),('57A2F4AC263FD','57A2F4AC254AA','Jett','Sriratana'),('57A2F4AC26BCC','57A2F4AC254AA','Skye','Sriratana'),('57A2F4AC2739C','57A2F4AC254AA','Christabelle','Sriratana'),('57A2F4AC27BA2','57A2F4AC254AA','Zoe','Sriratana'),('57A2F4FE5342D','57A2F4FE524F1','Skye','Sriratana'),('57A2F4FE53BFC','57A2F4FE524F1','Christabelle','Sriratana'),('57A2F52906DA6','57A2F52905E81','Jett','Sriratana'),('57A315CA1D5FA','57A315CA1CA83','Jeffery','Yew'),('57A315E72F083','57A315E72DD3A','Joel','Launder'),('57A315E72F46C','57A315E72DD3A','Gus','Minto-Cowcher'),('57A315E72F852','57A315E72DD3A','Jared','Turnley'),('57A315E72FC52','57A315E72DD3A','Lachlan','Turnley'),('57A31619BA3F5','57A31619B94C9','Liam','Brennan'),('57A31619BA7D5','57A31619B94C9','Thomas','White'),('57A3163C0D969','57A3163C0D1F5','Lucas','Berry'),('57A3163C0DD50','57A3163C0D1F5','Harry','Choi'),('57A31666B705D','57A31666B6106','William','Park'),('57A31666B7446','57A31666B6106','Joel','Withers'),('57A31677E0618','57A31677DD386','Parsa','Babadi Noroozi'),('57A316881753A','57A3168816611','Noah','McAliece'),('57A316A7AB88A','57A316A7AB0B8','Gerald','Deveraj'),('57A316A7ABC71','57A316A7AB0B8','Jeremy','Lau'),('57A316BDDE4B5','57A316BDDD95B','Daniel','Hewitt-Perraud'),('57A316D737F2A','57A316D722771','Chamya','Aberathna'),('57A316D742333','57A316D722771','Eden','Esh'),('57A316EC02FC3','57A316EC02809','Marcus','Chen'),('57A316EC033A9','57A316EC02809','Rachit','Tamrakar'),('57A3170A1CEA8','57A3170A1A7D7','Kevin','Peng'),('57A3170A1D28F','57A3170A1A7D7','Zhe-Wei','Shen'),('57A341C68819F','57A27877383CD','Bo','Kok'),('57A3D5B02602B','57A3D5B0250D1','Matthew','Romeo'),('57A3D5D7C777F','57A3D5D7C6FF2','Aidan','Mathers'),('57A3D5F86A705','57A3D5F8697C3','Ryan','Davis'),('57A3D614393F8','57A3D61438C26','Raphy','Brazier'),('57A3D631EB425','57A3D631EAC5A','Andrew','Caughey'),('57A3D9732AFD8','57A3D97329C76','Dylan','Logan'),('57A3D9732B7B3','57A3D97329C76','Ezra','Valentine Rawlins'),('57A42B3CE8BA7','57A42B3CE83DC','Dylan','Edwards'),('57A42B3CE8F8F','57A42B3CE83DC','Hamish','Pittendrigh'),('57A4346BB951E','57A4346BB8928','Hyuk','Kim'),('57A434A02A48F','57A434A029538','Sharon','Mascarenhas'),('57A434A02AC83','57A434A029538','Harini','Guddanti'),('57A434E273B81','57A434E272BE3','Christopher','Rudel'),('57A435EBB24FA','57A435EBB155E','Chelin','Jang'),('57A435EBB2CC8','57A435EBB155E','Felicity','Anderson'),('57A435EBB34D1','57A435EBB155E','Chiara','Seidenman'),('57A435EBB3CA5','57A435EBB155E','Rosemary','Nguyen'),('57A435EBB4477','57A435EBB155E','Surabhi','Tharmaseelan'),('57A43645F2EAA','57A43645F2339','Stephanie','Liang'),('57A43645F32D2','57A43645F2339','Amy','Sun'),('57A436AFCDD97','57A436AFCCDF8','Joseph','Davies'),('57A436E571D01','57A436E571533','Bo Hong','Huang'),('57A436E5720E9','57A436E571533','Jayden','Ng'),('57A4373D24241','57A4373D232A6','Jemott','Mohan'),('57A4373D2462A','57A4373D232A6','Leroy','Liu'),('57A4373D24A12','57A4373D232A6','Enda','Han'),('57A4377E829EF','57A4377E8225C','Danil','Yahnov'),('57A4377E831BD','57A4377E8225C','Shaun','Mok'),('57A437D67FE1C','57A437D67EEAE','Joash','Law'),('57A437D6805EB','57A437D67EEAE','James','Zhang'),('57A438121BE6C','57A438121AF34','Joel','Tan'),('57A438121C254','57A438121AF34','Zachary','Yong'),('57A4384432343','57A43844313FA','Riveen','Gangoda'),('57A4384432725','57A43844313FA','Dennis','Yahnov'),('57A438936DEFE','57A438936CF3A','Lachlan','Phung'),('57A438936E2BE','57A438936CF3A','Cooper','Monger'),('57A438DC57895','57A438DC568B7','Ashwin','Brammananth'),('57A438DC57C41','57A438DC568B7','Jonathan','Spiteri'),('57A43909BEFD5','57A43909BE038','Kyle','Ng'),('57A43909BF7A5','57A43909BE038','Jue Lyas','Law'),('57A43969CABA8','57A43969C9C56','Anuka','Seneviratne'),('57A43969CB376','57A43969C9C56','Yiheng','Ren'),('57A43969CB761','57A43969C9C56','Faris','Truong'),('57A43A9BE1D04','57A43A9BE0DAD','Wei Bo','Soo'),('57A43A9BE20ED','57A43A9BE0DAD','Liam','Wakefield'),('57A43A9BE2517','57A43A9BE0DAD','Derek','Sun'),('57A43AC064B91','57A43AC063BF8','Hena','Singla'),('57A43AC064F7E','57A43AC063BF8','Rishara','Fernando'),('57A43B294AECB','57A43B2949F35','Kai','Nielsen'),('57A43B294B2C3','57A43B2949F35','Bailey','Yoong'),('57A43B4FB6714','57A43B4FB5B5F','Elliot','Choi'),('57A43B4FB6AFE','57A43B4FB5B5F','Fabian','Ong'),('57A43B77AC815','57A43B77AB8C7','Audrey','Liuk'),('57A43B77ACBFE','57A43B77AB8C7','Crystal','Liuk'),('57A43C3BEBB21','57A43C3BEB353','Sasha','Karlnskiy'),('57A43C3BEBF8C','57A43C3BEB353','Joseph','Hartono'),('57A440DE0FCE7','57A440DE0ED23','Roshan','Rathnayake'),('57A441695D780','57357D55B4882','Adam','McCarney'),('57A441CB146E1','57357DE62BBA6','Seth','Holtkamp'),('57A441F8CBC06','57357DE62BBA6','Lochie','Coombes'),('57A442400CEB3','57357F006CA49','Hugh','Jeffreys'),('57A44278565BD','57357F006CA49','Luke','Shalley'),('57A47BACBD41A','57A47A0596FE4','Charlie','Lee'),('57A47BACBD800','57A47A0596FE4','Michael','Alford'),('57A47BACBDC1F','57A47A0596FE4','Henry','Geake'),('57A47BACBDFD0','57A47A0596FE4','Jesse','Hayne'),('57A47BACBE3B5','57A47A0596FE4','Tom','Chambers'),('57A68F0C05800','57A68F0C04C8D','Bader','Al-Sharea'),('57A68F19DA120','57A68F19D9185','Serkan','Yavuz'),('57A7C56429619','57A68F19D9185','Muaz','Yildirim'),('57A7C5725B586','57A68F19D9185','Abdullah','Al Hasani'),('57A7C5A8C19BF','57A68F0C04C8D','Kabir Nasir','Cahudrey'),('57A7C5B734A9C','57A68F0C04C8D','Zain','Chohan'),('57A7C5C47C9E9','57A68F0C04C8D','Humza','Muhammed'),('57A9397B44E30','57A9397B43AAD','Julia','Alves'),('57A9397B45605','57A9397B43AAD','Laimah','Arora'),('57A9397B45E0F','57A9397B43AAD','Letisha','Afu'),('57A9397B465A0','57A9397B43AAD','Avrielle','Roy'),('57A9398FD8A23','57A9398FD7A84','Levi','Micallef'),('57A9398FD8E0C','57A9398FD7A84','Shiven','Saxena'),('57A939A497EE3','57A939A496B5F','Nathan','Gambian'),('57A939A4982F6','57A939A496B5F','Jesse','Farrugia'),('589C1E20254D3','589C1E2020F06','Andrew','D'),('589C1E203108B','589C1E2020F06','Harry','J'),('589C1F96CE379','589C1F96CE0DF','test','test');
/*!40000 ALTER TABLE `team_member` ENABLE KEYS */;
UNLOCK TABLES;

--
-- Table structure for table `user`
--

DROP TABLE IF EXISTS `user`;
/*!40101 SET @saved_cs_client     = @@character_set_client */;
/*!40101 SET character_set_client = utf8 */;
CREATE TABLE `user` (
  `uid` varchar(13) NOT NULL,
  `email` varchar(254) NOT NULL,
  `password_hash` varchar(40) NOT NULL,
  `first_name` varchar(60) NOT NULL,
  `last_name` varchar(60) NOT NULL,
  `primary_org` varchar(60) DEFAULT NULL,
  `access_level` varchar(60) NOT NULL,
  `adrs_line_1` varchar(100) DEFAULT NULL,
  `adrs_line_2` varchar(100) DEFAULT NULL,
  `suburb` varchar(100) DEFAULT NULL,
  `postcode` varchar(4) DEFAULT NULL,
  `state` varchar(3) DEFAULT NULL,
  PRIMARY KEY (`uid`),
  UNIQUE KEY `email` (`email`),
  UNIQUE KEY `uk_user` (`email`)
) ENGINE=InnoDB DEFAULT CHARSET=latin1;
/*!40101 SET character_set_client = @saved_cs_client */;

--
-- Dumping data for table `user`
--

LOCK TABLES `user` WRITE;
/*!40000 ALTER TABLE `user` DISABLE KEYS */;
INSERT INTO `user` VALUES ('0000000000016','sys.admin@clubengineer.org','ae6c08463b6567092277a90a0e6868a69982b0c5','Sys Admin','Test User','Club Engineer','SYS_ADMIN',NULL,NULL,NULL,NULL,NULL),('0000000000017','comp.admin@clubengineer.org','d0d29dbcb4e330c1255f400391c8d4a9ee7d42c8','Comp Admin','Test User','Club Engineer','COMP_ADMIN',NULL,NULL,NULL,NULL,NULL),('0000000000018','mentor@clubengineer.org','d0d29dbcb4e330c1255f400391c8d4a9ee7d42c8','Mentor','Test User','Club Engineer','MENTOR',NULL,NULL,NULL,NULL,NULL),('0000000000019','sys.dev@clubengineer.org','ae6c08463b6567092277a90a0e6868a69982b0c5','Developer','Test User','Club Engineer','SYS_DEV',NULL,NULL,NULL,NULL,NULL),('559DFD2A5A1D9','peter@clubengineer.org','ae6c08463b6567092277a90a0e6868a69982b0c5','Peter','Hinrichsen','Club Engineer','SYS_ADMIN',NULL,NULL,NULL,NULL,NULL),('559E0A303245D','evan@baileyfinance.com.au','5f3154b51af29a352e388e954ea8f98d045d9cf2','Evan','Bailey','Glen Waverley Primary School','SYS_ADMIN',NULL,NULL,NULL,NULL,NULL),('559F3A8DA5E0B','tait.anthony.a@edumail.vic.gov.au','d233de2616e1aa856c55b1d0ce1451d0f34530d7','Anthony','Tait','Newlyn Primary School','COMP_ADMIN',NULL,NULL,NULL,NULL,NULL),('559F6D94B303B','susan.dixon@notredame.vic.edu.au','96753aae43029625f9401e5c57084cb8de13d86c','Susan','Dixon','Notre Dame College','COMP_ADMIN','139 Knight St','','Shepparton','3630','VIC'),('55A1EC90004B0','evan@clubengineer.org','5f3154b51af29a352e388e954ea8f98d045d9cf2','Evan','Bailey','CE Private','MENTOR',NULL,NULL,NULL,NULL,NULL),('55A206E2171ED','info@cncshop.com.au','1613227a68380ce0c9d48c7d2dce7d0e46061c89','Dan','Sriratana','S-Kids','MENTOR',NULL,NULL,NULL,NULL,NULL),('55A20C4BDEC3B','watson.katrina.a@edumail.vic.gov.au','5367b286ba111c897521386a97b72a13fea24152','Katrina','Watson','Parkhill Primary School','MENTOR',NULL,NULL,NULL,NULL,NULL),('55A2141A4D4B7','angeline.yannopoulos@sac.vic.edu.au','1e1ad6e7a47f920baaef5b692f1eafc8de1e03d7','Angeline','Yannopoulos','Sacré Cœur','MENTOR',NULL,NULL,NULL,NULL,NULL),('55A221282018B','s.torcasio@caseygrammar.vic.edu.au','18e49e21b0e926f63b60bbef210c813035190a6e','Sandra','Torcasio','Casey Grammar School','MENTOR',NULL,NULL,NULL,NULL,NULL),('55A226A200A39','mohanpa@berwickgrammar.vic.edu.au','1fd72902d0e7a53b37890a8ae723b0eab0ca1b7a','Patrick','Mohanraj','Tech Team','MENTOR',NULL,NULL,NULL,NULL,NULL),('55A2367099B74','egan.chris.j@edumail.vic.gov.au','bf1e94572ce35b157666c9809795038ae0e44ebe','Chris','Egan','Bacchus Marsh College','MENTOR',NULL,NULL,NULL,NULL,NULL),('55A23C9AB063A','corroon.eoin.e@edumail.vic.gov.au','21bd12dc183f740ee76f27b78eb39c8ad972a757','Eoin','Corroon','Altona Primary School','MENTOR',NULL,NULL,NULL,NULL,NULL),('55A240F8A082C','taylor.christopher.j@edumail.vic.gov.au','3687df14e32796e1a6c8d25e8a4490a40705d1a4','Christopher','Taylor','Banyan Fields Primary School','MENTOR',NULL,NULL,NULL,NULL,NULL),('55A248C8D48A7','ebert.david.l@edumail.vic.gov.au','fc28dcfa929d450295e53d679f0bfd53f3815885','David','Ebert','Glen Eira College','COMP_ADMIN',NULL,NULL,NULL,NULL,NULL),('55A25EA484C31','rapinett.traceye.c@edumail.vic.gov.au','ed1b1bb9f421f924e86607a9ecaf35df4cd9c63f','Traceye','Rapinett','Berwick Lodge Primary School','MENTOR',NULL,NULL,NULL,NULL,NULL),('55A261339510E','adobbyn@firbank.vic.edu.au','5baa61e4c9b93f3f0682250b6cf8331b7ee68fd8','Andrew','Dobbyn','Firbank Grammar','MENTOR',NULL,NULL,NULL,NULL,NULL),('55A2634E8AAFB','kristin.anthian@gmail.com','924f4d7166ba11ec0d520b00dcf173538059d74a','Kristin','Anthian','Independent','MENTOR',NULL,NULL,NULL,NULL,NULL),('55A2645C02058','ramr@kilvington.vic.edu.au','b4c644ed8fa2eb260ba20f361e02bcf05c312d14','Rajnesh','Ram','kilvington Grammar School','MENTOR',NULL,NULL,NULL,NULL,NULL),('55A26745DE1B8','jiancu@maranatha.vic.edu.au','0590761601b754d070308170eaa357d3d3cdc902','Justine','Iancu','Maranatha Christian School','MENTOR',NULL,NULL,NULL,NULL,NULL),('55A268FBDD0F4','loxham.benjamin.t@edumail.vic.gov.au','1819303cde0ba41e1e887e3ef07bc1448e8ce3ad','Ben','Loxham','Parkdale Secondary College','MENTOR',NULL,NULL,NULL,NULL,NULL),('55A269C76AE01','mhinds@stacbourne.catholic.edu.au','360dae5c6f43aca4f83eae3a8f7a2e8d2013d77b','Michelle','Hinds','St Agatha\'s Catholic Primary School','MENTOR',NULL,NULL,NULL,NULL,NULL),('55A26A59B5FB3','cjames@sakeilor.catholic.edu.au','596908e0230bd23f9aa827daa6bf91fc88adea8f','Chris','James','St Augustine\'s P.S.','MENTOR',NULL,NULL,NULL,NULL,NULL),('55A26B63C3CE2','huynh.minh.g@edumail.vic.gov.au','1f9bfd5d241a1cf386cabd52a3f4d8a5176bf9d1','Minh','Huynh','Victoria University Secondary College','MENTOR',NULL,NULL,NULL,NULL,NULL),('55A26C1B772FF','lukhui@hotmail.com','c1d651e5f2ff3eacc6656bb05f4baccddc4c4abc','Luk','Hui','Berwick Grammar School','MENTOR',NULL,NULL,NULL,NULL,NULL),('55A272D3AB66A','b.thomas@ccg.vic.edu.au','f06fec795b2ccb215c30d7f42bc26afc7a4293c8','Brian','Thomas','Christian College','COMP_ADMIN','117 Clifton Springs Rd',NULL,'Drysdale','3222','VIC'),('55A2F0765DD7A','ewarrener@sanoblepark.catholic.edu.au','1c232d9aad9b7488bffac16569d290150b5941f9','Ellis','Warrener','St. Anthony\'s Primary School Noble Park','MENTOR',NULL,NULL,NULL,NULL,NULL),('55A2FF86F3078','eilenberg.benjamin.m@edumail.vic.gov.au','9dab6a946f302a7e5303bdbf7ba036f1100d7146','Ben','Eilenberg','Silverton Primary School','COMP_ADMIN',NULL,NULL,NULL,NULL,NULL),('55A31AFDF04F3','darren@wolchyn.com','0659c63cf6cf0c55606d91170e7cb284b970f551','Darren','Wolchyn','Sandringham Secondary','MENTOR',NULL,NULL,NULL,NULL,NULL),('55A324B45B154','sefa.bulbul@sirius.vic.edu.au','4c79cc806fe7f5a4d6da414a85cbc5b31f16361f','Sefa','Bulbul','SIRIUS COLLEGE MF','MENTOR',NULL,NULL,NULL,NULL,NULL),('55A329AF6CA02','landrews@olacheltenham.catholic.edu.au','6f0f186ef9539b4d76bf389e57c2b80316fec626','Leigh','Andrews','OLA Cheltenham','MENTOR',NULL,NULL,NULL,NULL,NULL),('55A32A5739BE2','fagan.julie.j@edumail.vic.gov.au','742dc4e46a7c1ca3f13af78bd621ddc07b2e89b3','Julie','Fagan','Surf Coast Secondary College','MENTOR',NULL,NULL,NULL,NULL,NULL),('55A3403A18347','muhammed.akkoyun@sirius.vic.edu.au','9a2ed4f6700995d5340e255a0d45c92e41931b64','Muhammed','Akkoyun','Sirius College','MENTOR',NULL,NULL,NULL,NULL,NULL),('55A34761BD374','csantander@mcc.vic.edu.au','dd9f5e42c5bc42e4940b161a9ada8e5fd7c70fe8','Carlos','Santander','Melton Christian College','MENTOR',NULL,NULL,NULL,NULL,NULL),('55A35969BEBC7','dickson.geoffrey.r@edumail.vic.gov.au','3b4a4fcfa372b2fed98af6d36a056be4b2cc976e','Geoff','Dickson','Caledonian Primary School','MENTOR',NULL,NULL,NULL,NULL,NULL),('55A36CE72D242','gilligan.christine.cm@edumail.vic.gov.au','489ca4784a0b27b4a98b289a32606bb7c5676dc1','Chris','Gilligan','Glendal Primary School','MENTOR','','','','',''),('55A434E061738','creswick.north.ps@edumail.vic.gov.au','83009dc0051730f69f1979406083b92272470633','Darren','Mooney','Creswick North Primary School','MENTOR',NULL,NULL,NULL,NULL,NULL),('55A44C402654C','carolyn.ferguson@wesleycollege.net','2f9b03e1228d2613e903955ae8ac83426d8491de','Carolyn','Ferguson','Wesley College','MENTOR',NULL,NULL,NULL,NULL,NULL),('55A4724E31371','mehmet.cicek@sirius.vic.edu.au','64c44482bb448bb84d32d21e730fb3ce5382ab36','Mehmet','Cicek','Sirius College','MENTOR',NULL,NULL,NULL,NULL,NULL),('55A4A2953A136','obrien.michelle.m@edumail.vic.gov.au','963b70d2b2ffb30f573110b107e40af2c71acf89','Michelle','O\'Brien','Yuillle park Community College ','MENTOR',NULL,NULL,NULL,NULL,NULL),('55A51306E21A2','klee@satern.edu.au','69dde8aa23d059d2d764880272a986acffe86999','Kenneth','Lee','Box Hill High School','MENTOR','1180 Whitehorse Rd','','Box Hill','3128','VIC'),('55A5AB69A8007','seanmalikides@gmail.com','064655d02dc64cfeeb8988d37b9188e845dc1e67','Sean','Malikides','JMSS','MENTOR',NULL,NULL,NULL,NULL,NULL),('55A5D0416499C','ed@whsc.vic.edu.au','b569fb7d4a9dd8a99ed174f905e099129bb020e2','Eleanor','Dryley','Wheelers Hill Secondary College','MENTOR',NULL,NULL,NULL,NULL,NULL),('55A5EB45EC6DF','newtont@bmg.vic.edu.au','52af5846a5a4e40adf2380553b8f23acce7e6547','Travis','Newton','Bacchus Marsh Grammar','MENTOR',NULL,NULL,NULL,NULL,NULL),('55A5F22EB32BA','bowles.melinda.k@edumail.vic.gov.au','a8d0378522c5a4171e93d3c7e78fae543440f9d0','Melinda','Browne','Roberts Mc Cubbin PS','MENTOR',NULL,NULL,NULL,NULL,NULL),('55A5FF37878F8','benw@techcamp.com.au','c0841dfaab8fc377175f287acec617b9cb4e5fbd','Ben','Willett','Techcamp','MENTOR',NULL,NULL,NULL,NULL,NULL),('55A74AA0210FF','turner.moira.v@edmail.vic.gov.au','e873ee4e6323def4e03e06a0f3fb9c9c3cb33e01','Moira ','Turner','Lismore Primary School','MENTOR',NULL,NULL,NULL,NULL,NULL),('55AED2FE192A5','tamsin.bearsley@gmail.com','9add01a7553924536cd02d4a338acc747a72d54d','Tamsin','Bearsley','Chalcot Lodge Primary School','MENTOR',NULL,NULL,NULL,NULL,NULL),('55B0AF827445B','joseph.hartono@gmail.com','461476587780aa9fa5611ea6dc3912c146a91760','joseph','hartono','I bots','MENTOR',NULL,NULL,NULL,NULL,NULL),('55B1AEFD3760F','drew.samuel.t@edumail.vic.gov.au','54f0d01782affc9eae1a1ed7a9329510a188ea9a','Sam','Drew','Mt. Clear College','MENTOR',NULL,NULL,NULL,NULL,NULL),('55BAE0DC4850A','rachel.thomas2@wesleycollege.net','e8018bad2bcf5cb068995349c8dc36357ddd7aab','Rachel','Thomas','Wesley College Glen Waverley','MENTOR',NULL,NULL,NULL,NULL,NULL),('55BB236460ECC','jsturm@tcc.vic.edu.au','f017676566f35e49b68a4b376237623237751d56','John','Sturm','Trinity College Colac','MENTOR',NULL,NULL,NULL,NULL,NULL),('55BF08A21F1B0','dhoward@stmichaels.vic.edu.au','25922d8d915441e2ff41d5cb38ae76b641873921','David','Howard','St Michael\'s Grammar School','MENTOR',NULL,NULL,NULL,NULL,NULL),('55C18BDF89FC2','luke.david.c@edumail.vic.gov.au','c462946107b377f6b07f985a0ea484f68883eb75','David','Luke','Bundoora Primary School','MENTOR',NULL,NULL,NULL,NULL,NULL),('55C2F9A604729','drew.paul.j@edumail.vic.gov.au','b46c7c8a6b535720a3bb68eadc3236b92a2d47e1','Paul','Drew','Melbourne High School','MENTOR',NULL,NULL,NULL,NULL,NULL),('55C3620E7D0C4','samuelhyloh@gmail.com','9437b50433f5e87a2d0d0d31035eea4a9ca66d6c','Samuel','Loh','Melbourne High School','MENTOR',NULL,NULL,NULL,NULL,NULL),('55C3AC508DD16','Loretta.Williams@sac.vic.edu.au','997025cfa7472a2c9031e9b2dfc5f560976cc317','Loretta','Williams','Sacre Coeur','MENTOR',NULL,NULL,NULL,NULL,NULL),('55C4352C33ADE','rebecca.wells@gippslandgs.vic.edu.au','0ab09b420c3f4f686e1f6503c93d3111d2038689','Rebecca','Wells','Gippsland Grammar - Garnsey campus','MENTOR',NULL,NULL,NULL,NULL,NULL),('55D5A222DCE84','Joelees@mail.com','637fad6425a5d193b0031f82892626a927bdb460','lele','lle','sm','MENTOR',NULL,NULL,NULL,NULL,NULL),('560606275EBC8','damien@domabotics.com','852fdef9418cca6ba3901fbfa46e74bc87b3c54c','Damo','Kee','super awesome organisation','COMP_ADMIN',NULL,NULL,NULL,NULL,NULL),('5615DD710B28F','bearup.helene.m@edumail.vic.gov.au','5602dc1e81c2b4cc7a5a4c98016cf713e3b270c4','helene','Bearup','Patterson Lakes primary School','MENTOR',NULL,NULL,NULL,NULL,NULL),('56D8EB007CF61','reekyreeks@gmail.com','a0bd610ded91411ab336d21127ddc6e335a2ba4a','Rikka','Power','Ringwood Heights Primary School','MENTOR',NULL,NULL,NULL,NULL,NULL),('56E8B067ECEC5','hw@whsc.vic.edu.au','c3f379b84f96c82e0f7f2f362aa2675e0b3cd1a9','Kim','Hewlett','Wheelers Hill Secondary','MENTOR','','','','',''),('56EE77DC86690','pgr@gwsc.vic.edu.au','43175b4d624d5c50362d23c87eba461591107f52','Peter','Gray','Glen Waverley Secondary College','MENTOR',NULL,NULL,NULL,NULL,NULL),('56F2271F0CCDD','jon@bgps.info','bf2b7699b3028bfb2b6fc0b21970b515577c6608','Jon','McDonald','Bogan Gate Public School','MENTOR',NULL,NULL,NULL,NULL,NULL),('56F3229DD0D76','dower.patricia.c@edumail.vic.gov.au','56e7282889b7f7cd4930ad69092e6d47b72775f8','Trish','Dower','Yuille Park Community College','MENTOR',NULL,NULL,NULL,NULL,NULL),('5733F959ED453','treasurer@rcja.org.au','ae6c08463b6567092277a90a0e6868a69982b0c5','Treasurer','Robocup Junior Australia','Robocup Junior Australia','COMP_ADMIN',NULL,NULL,NULL,NULL,NULL),('573A58E248CB6','saide.guncaldi@sirius.vic.edu.au','03afe418b58cb69483d517874a23017f0aff2f73','Saide','Guncaldi','Sirius College','MENTOR',NULL,NULL,NULL,NULL,NULL),('573D3CA0BC0A4','sahlstrom.blake.b@edumail.vic.gov.au','c67f80eae19483d977f8b60d8e2388deeaa957fd','Blake','Sahlstrom','Burwood East PS','MENTOR',NULL,NULL,NULL,NULL,NULL),('573D4B3288A10','zheng.john.jian.j@edumail.vic.gov.au','e05ed9f686396d5949c4568a31339cffb4a3d059','John','Zheng','Serpell Primary School','MENTOR',NULL,NULL,NULL,NULL,NULL),('573ED71FEEC77','tuolden@gmail.com','76e5a3d46fd3fbe2d901f85f8e6edcb9cda3c663','Gustavo','Lopez','Loreto School','MENTOR',NULL,NULL,NULL,NULL,NULL),('57423296C90B2','turner.moira.v@edumail.vic.gov.au','608cda40035f9309c4f55e15741ca0ea3309c0ed','Moira','Turner','Lismore Primary School','MENTOR',NULL,NULL,NULL,NULL,NULL),('5746320E32C44','08766409@kingswoodps.com.au','36fb06bf51f4d924bd2e6bb4a81355e8fd6e422c','Linsey','Paguio','Kingswood Primary School','MENTOR',NULL,NULL,NULL,NULL,NULL),('574FA1549C438','darmon.bakhtiyar.b@edumail.vic.gov.au','59334617c17395294fbe2a58eb90bdad12bd7343','Buck','Darmon','Elizabeth Murdoch College','MENTOR',NULL,NULL,NULL,NULL,NULL),('5754F16631857','a.timpano@ccg.vic.edu.au','dfffe4c8122adf679b24d3184825e706172a80ea','Anthony','Timpano','CCG Highton Middle School','MENTOR',NULL,NULL,NULL,NULL,NULL),('5756A28B3641C','cbaulch-brown@emmanuel.vic.edu.au','cfbcc814f03543ef38fe70a456e1f83e3bb61cf5','Cindy','Baulch-Brown','Emmanuel College','MENTOR',NULL,NULL,NULL,NULL,NULL),('575E3AEF681FF','j.viegas@ccg.vic.edu.au','037d0d20eb998ad6ff2803c5a600d119212e3002','Jorge','Viegas','Christian College Bellarine','MENTOR',NULL,NULL,NULL,NULL,NULL),('5781EBF264F4E','kristen.hebden@carey.com.au','1c32b8f1b41710f82ab0d5dfcb23b5edcc6aca5c','Kristen','Hebden','Carey Baptist Grammar School','MENTOR',NULL,NULL,NULL,NULL,NULL),('57837A0936347','pay0004@jmss.vic.edu.au','e3a812c752190f2b2ff0efb399ceb1ac5a05a4dc','Ethan','Payne','John Monash Science School','MENTOR',NULL,NULL,NULL,NULL,NULL),('578479CB460B2','oconstable@tintern.vic.edu.au','5f5a736db2be7a307846452eae15de90d800df35','Oriana','Constable','Tintern Grammar','MENTOR',NULL,NULL,NULL,NULL,NULL),('57872AFCAECA3','kelly.watson@geelongcollege.vic.edu.au','58191f5224bab736bea1f5e5c4922e8735726ec6','Kelly','Waston','The Geelong College','MENTOR',NULL,NULL,NULL,NULL,NULL),('578BF13A049DA','david_athena@bigpond.com','d9f7793fdfe2faac224cee5922886f8578e95335','David','Davies','Parent','MENTOR',NULL,NULL,NULL,NULL,NULL),('578C9F705FD69','kylelim_04@yahoo.com','018f4d7f06cb8626e1756452581373e05ae41c56','Kyle','Lim','Independent','MENTOR',NULL,NULL,NULL,NULL,NULL),('57A1593C29C51','Samet.gencoglu@sirius.vic.edu.au','7c222fb2927d828af22f592134e8932480637c0d','Samet','Gencoglu','SIRIUS COLLEGE KEYSBOROUGH CAMPUS','MENTOR',NULL,NULL,NULL,NULL,NULL),('57A2C26859D01','kathryn@dksdc.net','700fbf1a90b14a403058acf16ad6fed09204ef20','Kathryn','Anderson','Roberts McCubbin','MENTOR',NULL,NULL,NULL,NULL,NULL),('57A3CDE85B0C2','wilkinson.andrew.roy@edumail.vic.gov.au','abebd8c37efaa29b30ba4318b1ec8700e3ca7515','Andrew','Wilkinson','Sandringham College','MENTOR',NULL,NULL,NULL,NULL,NULL);
/*!40000 ALTER TABLE `user` ENABLE KEYS */;
UNLOCK TABLES;
/*!50003 SET @saved_cs_client      = @@character_set_client */ ;
/*!50003 SET @saved_cs_results     = @@character_set_results */ ;
/*!50003 SET @saved_col_connection = @@collation_connection */ ;
/*!50003 SET character_set_client  = latin1 */ ;
/*!50003 SET character_set_results = latin1 */ ;
/*!50003 SET collation_connection  = latin1_swedish_ci */ ;
/*!50003 SET @saved_sql_mode       = @@sql_mode */ ;
/*!50003 SET sql_mode              = '' */ ;
DELIMITER ;;
/*!50003 CREATE*/ /*!50017 DEFINER=`rcjaclub_robocup`@`localhost`*/ /*!50003 trigger trg_user_access_level_insert before insert on user   for each row   begin     if (new.access_level <> "MENTOR") and        (new.access_level <> "COMP_ADMIN") and        (new.access_level <> "SYS_ADMIN") and        (new.access_level <> "SYS_DEV") then        SIGNAL SQLSTATE "45000"        SET MESSAGE_TEXT = "Invalid access_level";     end if;   end */;;
DELIMITER ;
/*!50003 SET sql_mode              = @saved_sql_mode */ ;
/*!50003 SET character_set_client  = @saved_cs_client */ ;
/*!50003 SET character_set_results = @saved_cs_results */ ;
/*!50003 SET collation_connection  = @saved_col_connection */ ;
/*!50003 SET @saved_cs_client      = @@character_set_client */ ;
/*!50003 SET @saved_cs_results     = @@character_set_results */ ;
/*!50003 SET @saved_col_connection = @@collation_connection */ ;
/*!50003 SET character_set_client  = latin1 */ ;
/*!50003 SET character_set_results = latin1 */ ;
/*!50003 SET collation_connection  = latin1_swedish_ci */ ;
/*!50003 SET @saved_sql_mode       = @@sql_mode */ ;
/*!50003 SET sql_mode              = '' */ ;
DELIMITER ;;
/*!50003 CREATE*/ /*!50017 DEFINER=`rcjaclub_robocup`@`localhost`*/ /*!50003 trigger trg_user_access_level_update before update on user   for each row   begin     if (new.access_level <> "MENTOR") and        (new.access_level <> "COMP_ADMIN") and        (new.access_level <> "SYS_ADMIN") and        (new.access_level <> "SYS_DEV") then        SIGNAL SQLSTATE "45000"        SET MESSAGE_TEXT = "Invalid access_level";     end if;   end */;;
DELIMITER ;
/*!50003 SET sql_mode              = @saved_sql_mode */ ;
/*!50003 SET character_set_client  = @saved_cs_client */ ;
/*!50003 SET character_set_results = @saved_cs_results */ ;
/*!50003 SET collation_connection  = @saved_col_connection */ ;

--
-- Temporary view structure for view `v_comp_division`
--

DROP TABLE IF EXISTS `v_comp_division`;
/*!50001 DROP VIEW IF EXISTS `v_comp_division`*/;
SET @saved_cs_client     = @@character_set_client;
SET character_set_client = utf8;
/*!50001 CREATE VIEW `v_comp_division` AS SELECT 
 1 AS `uid_year`,
 1 AS `uid_comp_division`,
 1 AS `uid_comp_name`,
 1 AS `uid_state`,
 1 AS `year`,
 1 AS `state`,
 1 AS `comp_name`,
 1 AS `start_date`,
 1 AS `active`,
 1 AS `end_date`,
 1 AS `disp_order`,
 1 AS `div_name`*/;
SET character_set_client = @saved_cs_client;

--
-- Temporary view structure for view `v_comp_name`
--

DROP TABLE IF EXISTS `v_comp_name`;
/*!50001 DROP VIEW IF EXISTS `v_comp_name`*/;
SET @saved_cs_client     = @@character_set_client;
SET character_set_client = utf8;
/*!50001 CREATE VIEW `v_comp_name` AS SELECT 
 1 AS `uid_comp_name`,
 1 AS `uid_year`,
 1 AS `uid_state`,
 1 AS `start_date`,
 1 AS `end_date`,
 1 AS `active`,
 1 AS `year`,
 1 AS `state`,
 1 AS `comp_name`*/;
SET character_set_client = @saved_cs_client;

--
-- Temporary view structure for view `v_comp_state`
--

DROP TABLE IF EXISTS `v_comp_state`;
/*!50001 DROP VIEW IF EXISTS `v_comp_state`*/;
SET @saved_cs_client     = @@character_set_client;
SET character_set_client = utf8;
/*!50001 CREATE VIEW `v_comp_state` AS SELECT 
 1 AS `uid`,
 1 AS `state`,
 1 AS `treasurer_first_name`,
 1 AS `treasurer_last_name`,
 1 AS `treasurer_email`,
 1 AS `treasurer_primary_org`,
 1 AS `treasurer_adrs_line_1`,
 1 AS `treasurer_adrs_line_2`,
 1 AS `treasurer_suburb`,
 1 AS `treasurer_postcode`,
 1 AS `treasurer_state`,
 1 AS `account_name`,
 1 AS `account_bsb`,
 1 AS `account_number`*/;
SET character_set_client = @saved_cs_client;

--
-- Temporary view structure for view `v_local_time`
--

DROP TABLE IF EXISTS `v_local_time`;
/*!50001 DROP VIEW IF EXISTS `v_local_time`*/;
SET @saved_cs_client     = @@character_set_client;
SET character_set_client = utf8;
/*!50001 CREATE VIEW `v_local_time` AS SELECT 
 1 AS `now`*/;
SET character_set_client = @saved_cs_client;

--
-- Temporary view structure for view `v_mentor_team`
--

DROP TABLE IF EXISTS `v_mentor_team`;
/*!50001 DROP VIEW IF EXISTS `v_mentor_team`*/;
SET @saved_cs_client     = @@character_set_client;
SET character_set_client = utf8;
/*!50001 CREATE VIEW `v_mentor_team` AS SELECT 
 1 AS `uid`,
 1 AS `uid_user`,
 1 AS `uid_comp_name`,
 1 AS `organisation`,
 1 AS `year`,
 1 AS `state`,
 1 AS `comp_name`,
 1 AS `start_date`,
 1 AS `end_date`,
 1 AS `active`,
 1 AS `first_name`,
 1 AS `last_name`*/;
SET character_set_client = @saved_cs_client;

--
-- Temporary view structure for view `v_team`
--

DROP TABLE IF EXISTS `v_team`;
/*!50001 DROP VIEW IF EXISTS `v_team`*/;
SET @saved_cs_client     = @@character_set_client;
SET character_set_client = utf8;
/*!50001 CREATE VIEW `v_team` AS SELECT 
 1 AS `uid`,
 1 AS `uid_comp_name`,
 1 AS `uid_division`,
 1 AS `uid_user`,
 1 AS `year`,
 1 AS `state`,
 1 AS `comp_name`,
 1 AS `start_date`,
 1 AS `end_date`,
 1 AS `active`,
 1 AS `organisation`,
 1 AS `mentor_first_name`,
 1 AS `mentor_last_name`,
 1 AS `mentor_email`,
 1 AS `div_disp_order`,
 1 AS `div_name`,
 1 AS `team_name`*/;
SET character_set_client = @saved_cs_client;

--
-- Temporary view structure for view `v_team_member`
--

DROP TABLE IF EXISTS `v_team_member`;
/*!50001 DROP VIEW IF EXISTS `v_team_member`*/;
SET @saved_cs_client     = @@character_set_client;
SET character_set_client = utf8;
/*!50001 CREATE VIEW `v_team_member` AS SELECT 
 1 AS `uid_team_member`,
 1 AS `uid_team`,
 1 AS `uid_mentor_team`,
 1 AS `uid_comp_division`,
 1 AS `uid_comp_name`,
 1 AS `uid_mentor`,
 1 AS `year`,
 1 AS `state`,
 1 AS `comp_name`,
 1 AS `start_date`,
 1 AS `end_date`,
 1 AS `active`,
 1 AS `organisation`,
 1 AS `mentor_first_name`,
 1 AS `mentor_last_name`,
 1 AS `div_name`,
 1 AS `div_disp_order`,
 1 AS `team_name`,
 1 AS `team_member_first_name`,
 1 AS `team_member_last_name`*/;
SET character_set_client = @saved_cs_client;

--
-- Final view structure for view `v_comp_division`
--

/*!50001 DROP VIEW IF EXISTS `v_comp_division`*/;
/*!50001 SET @saved_cs_client          = @@character_set_client */;
/*!50001 SET @saved_cs_results         = @@character_set_results */;
/*!50001 SET @saved_col_connection     = @@collation_connection */;
/*!50001 SET character_set_client      = latin1 */;
/*!50001 SET character_set_results     = latin1 */;
/*!50001 SET collation_connection      = latin1_swedish_ci */;
/*!50001 CREATE ALGORITHM=UNDEFINED */
/*!50013 DEFINER=`rcjaclub_robocup`@`localhost` SQL SECURITY DEFINER */
/*!50001 VIEW `v_comp_division` AS select `y`.`uid` AS `uid_year`,`d`.`uid` AS `uid_comp_division`,`n`.`uid_comp_name` AS `uid_comp_name`,`n`.`uid_state` AS `uid_state`,`y`.`year` AS `year`,`n`.`state` AS `state`,`n`.`comp_name` AS `comp_name`,`n`.`start_date` AS `start_date`,`n`.`active` AS `active`,`n`.`end_date` AS `end_date`,`d`.`disp_order` AS `disp_order`,`d`.`div_name` AS `div_name` from (`comp_year` `y` left join (`v_comp_name` `n` left join `comp_division` `d` on((`d`.`uid_comp_name` = `n`.`uid_comp_name`))) on((`n`.`uid_year` = `y`.`uid`))) order by `y`.`year`,`n`.`state`,`n`.`comp_name`,`d`.`disp_order` */;
/*!50001 SET character_set_client      = @saved_cs_client */;
/*!50001 SET character_set_results     = @saved_cs_results */;
/*!50001 SET collation_connection      = @saved_col_connection */;

--
-- Final view structure for view `v_comp_name`
--

/*!50001 DROP VIEW IF EXISTS `v_comp_name`*/;
/*!50001 SET @saved_cs_client          = @@character_set_client */;
/*!50001 SET @saved_cs_results         = @@character_set_results */;
/*!50001 SET @saved_col_connection     = @@collation_connection */;
/*!50001 SET character_set_client      = latin1 */;
/*!50001 SET character_set_results     = latin1 */;
/*!50001 SET collation_connection      = latin1_swedish_ci */;
/*!50001 CREATE ALGORITHM=UNDEFINED */
/*!50013 DEFINER=`rcjaclub_robocup`@`localhost` SQL SECURITY DEFINER */
/*!50001 VIEW `v_comp_name` AS select `n`.`uid` AS `uid_comp_name`,`n`.`uid_year` AS `uid_year`,`n`.`uid_state` AS `uid_state`,`n`.`start_date` AS `start_date`,`n`.`end_date` AS `end_date`,if(((cast(`n`.`start_date` as date) <= (select `v_local_time`.`now` from `v_local_time`)) and ((select `v_local_time`.`now` from `v_local_time`) < (cast(`n`.`end_date` as date) + interval 1 day))),1,0) AS `active`,`y`.`year` AS `year`,`s`.`state` AS `state`,`n`.`comp_name` AS `comp_name` from ((`comp_name` `n` left join `comp_state` `s` on((`n`.`uid_state` = `s`.`uid`))) left join `comp_year` `y` on((`n`.`uid_year` = `y`.`uid`))) order by `y`.`year`,`s`.`state`,`n`.`comp_name` */;
/*!50001 SET character_set_client      = @saved_cs_client */;
/*!50001 SET character_set_results     = @saved_cs_results */;
/*!50001 SET collation_connection      = @saved_col_connection */;

--
-- Final view structure for view `v_comp_state`
--

/*!50001 DROP VIEW IF EXISTS `v_comp_state`*/;
/*!50001 SET @saved_cs_client          = @@character_set_client */;
/*!50001 SET @saved_cs_results         = @@character_set_results */;
/*!50001 SET @saved_col_connection     = @@collation_connection */;
/*!50001 SET character_set_client      = latin1 */;
/*!50001 SET character_set_results     = latin1 */;
/*!50001 SET collation_connection      = latin1_swedish_ci */;
/*!50001 CREATE ALGORITHM=UNDEFINED */
/*!50013 DEFINER=`rcjaclub_robocup`@`localhost` SQL SECURITY DEFINER */
/*!50001 VIEW `v_comp_state` AS (select `s`.`uid` AS `uid`,`s`.`state` AS `state`,`u`.`first_name` AS `treasurer_first_name`,`u`.`last_name` AS `treasurer_last_name`,`u`.`email` AS `treasurer_email`,`u`.`primary_org` AS `treasurer_primary_org`,`u`.`adrs_line_1` AS `treasurer_adrs_line_1`,`u`.`adrs_line_2` AS `treasurer_adrs_line_2`,`u`.`suburb` AS `treasurer_suburb`,`u`.`postcode` AS `treasurer_postcode`,`u`.`state` AS `treasurer_state`,`s`.`account_name` AS `account_name`,`s`.`account_bsb` AS `account_bsb`,`s`.`account_number` AS `account_number` from (`comp_state` `s` left join `user` `u` on((`u`.`uid` = `s`.`uid_treasurer`)))) */;
/*!50001 SET character_set_client      = @saved_cs_client */;
/*!50001 SET character_set_results     = @saved_cs_results */;
/*!50001 SET collation_connection      = @saved_col_connection */;

--
-- Final view structure for view `v_local_time`
--

/*!50001 DROP VIEW IF EXISTS `v_local_time`*/;
/*!50001 SET @saved_cs_client          = @@character_set_client */;
/*!50001 SET @saved_cs_results         = @@character_set_results */;
/*!50001 SET @saved_col_connection     = @@collation_connection */;
/*!50001 SET character_set_client      = latin1 */;
/*!50001 SET character_set_results     = latin1 */;
/*!50001 SET collation_connection      = latin1_swedish_ci */;
/*!50001 CREATE ALGORITHM=UNDEFINED */
/*!50013 DEFINER=`rcjaclub_robocup`@`localhost` SQL SECURITY DEFINER */
/*!50001 VIEW `v_local_time` AS select convert_tz(utc_timestamp(),'+00:00','+10:00') AS `now` */;
/*!50001 SET character_set_client      = @saved_cs_client */;
/*!50001 SET character_set_results     = @saved_cs_results */;
/*!50001 SET collation_connection      = @saved_col_connection */;

--
-- Final view structure for view `v_mentor_team`
--

/*!50001 DROP VIEW IF EXISTS `v_mentor_team`*/;
/*!50001 SET @saved_cs_client          = @@character_set_client */;
/*!50001 SET @saved_cs_results         = @@character_set_results */;
/*!50001 SET @saved_col_connection     = @@collation_connection */;
/*!50001 SET character_set_client      = latin1 */;
/*!50001 SET character_set_results     = latin1 */;
/*!50001 SET collation_connection      = latin1_swedish_ci */;
/*!50001 CREATE ALGORITHM=UNDEFINED */
/*!50013 DEFINER=`rcjaclub_robocup`@`localhost` SQL SECURITY DEFINER */
/*!50001 VIEW `v_mentor_team` AS select `mt`.`uid` AS `uid`,`mt`.`uid_user` AS `uid_user`,`mt`.`uid_comp_name` AS `uid_comp_name`,`mt`.`organisation` AS `organisation`,`c`.`year` AS `year`,`c`.`state` AS `state`,`c`.`comp_name` AS `comp_name`,`c`.`start_date` AS `start_date`,`c`.`end_date` AS `end_date`,`c`.`active` AS `active`,`u`.`first_name` AS `first_name`,`u`.`last_name` AS `last_name` from ((`mentor_team` `mt` left join `user` `u` on((`mt`.`uid_user` = `u`.`uid`))) left join `v_comp_name` `c` on((`mt`.`uid_comp_name` = `c`.`uid_comp_name`))) order by `c`.`year`,`c`.`state`,`c`.`comp_name`,`u`.`primary_org`,`u`.`first_name`,`u`.`last_name` */;
/*!50001 SET character_set_client      = @saved_cs_client */;
/*!50001 SET character_set_results     = @saved_cs_results */;
/*!50001 SET collation_connection      = @saved_col_connection */;

--
-- Final view structure for view `v_team`
--

/*!50001 DROP VIEW IF EXISTS `v_team`*/;
/*!50001 SET @saved_cs_client          = @@character_set_client */;
/*!50001 SET @saved_cs_results         = @@character_set_results */;
/*!50001 SET @saved_col_connection     = @@collation_connection */;
/*!50001 SET character_set_client      = latin1 */;
/*!50001 SET character_set_results     = latin1 */;
/*!50001 SET collation_connection      = latin1_swedish_ci */;
/*!50001 CREATE ALGORITHM=UNDEFINED */
/*!50013 DEFINER=`rcjaclub_robocup`@`localhost` SQL SECURITY DEFINER */
/*!50001 VIEW `v_team` AS select `t`.`uid` AS `uid`,`c`.`uid_comp_name` AS `uid_comp_name`,`cd`.`uid` AS `uid_division`,`mt`.`uid_user` AS `uid_user`,`c`.`year` AS `year`,`c`.`state` AS `state`,`c`.`comp_name` AS `comp_name`,`c`.`start_date` AS `start_date`,`c`.`end_date` AS `end_date`,`c`.`active` AS `active`,`mt`.`organisation` AS `organisation`,`u`.`first_name` AS `mentor_first_name`,`u`.`last_name` AS `mentor_last_name`,`u`.`email` AS `mentor_email`,`cd`.`disp_order` AS `div_disp_order`,`cd`.`div_name` AS `div_name`,`t`.`team_name` AS `team_name` from ((((`team` `t` left join `comp_division` `cd` on((`t`.`uid_comp_division` = `cd`.`uid`))) left join `mentor_team` `mt` on((`t`.`uid_mentor_team` = `mt`.`uid`))) left join `user` `u` on((`mt`.`uid_user` = `u`.`uid`))) left join `v_comp_name` `c` on((`cd`.`uid_comp_name` = `c`.`uid_comp_name`))) order by `c`.`year`,`c`.`state`,`c`.`comp_name`,`mt`.`organisation`,`u`.`first_name`,`u`.`last_name`,`cd`.`disp_order`,`t`.`team_name` */;
/*!50001 SET character_set_client      = @saved_cs_client */;
/*!50001 SET character_set_results     = @saved_cs_results */;
/*!50001 SET collation_connection      = @saved_col_connection */;

--
-- Final view structure for view `v_team_member`
--

/*!50001 DROP VIEW IF EXISTS `v_team_member`*/;
/*!50001 SET @saved_cs_client          = @@character_set_client */;
/*!50001 SET @saved_cs_results         = @@character_set_results */;
/*!50001 SET @saved_col_connection     = @@collation_connection */;
/*!50001 SET character_set_client      = latin1 */;
/*!50001 SET character_set_results     = latin1 */;
/*!50001 SET collation_connection      = latin1_swedish_ci */;
/*!50001 CREATE ALGORITHM=UNDEFINED */
/*!50013 DEFINER=`rcjaclub_robocup`@`localhost` SQL SECURITY DEFINER */
/*!50001 VIEW `v_team_member` AS select `tm`.`uid` AS `uid_team_member`,`t`.`uid` AS `uid_team`,`mt`.`uid` AS `uid_mentor_team`,`cd`.`uid` AS `uid_comp_division`,`c`.`uid_comp_name` AS `uid_comp_name`,`u`.`uid` AS `uid_mentor`,`c`.`year` AS `year`,`c`.`state` AS `state`,`c`.`comp_name` AS `comp_name`,`c`.`start_date` AS `start_date`,`c`.`end_date` AS `end_date`,`c`.`active` AS `active`,`mt`.`organisation` AS `organisation`,`u`.`first_name` AS `mentor_first_name`,`u`.`last_name` AS `mentor_last_name`,`cd`.`div_name` AS `div_name`,`cd`.`disp_order` AS `div_disp_order`,`t`.`team_name` AS `team_name`,`tm`.`first_name` AS `team_member_first_name`,`tm`.`last_name` AS `team_member_last_name` from (((((`team_member` `tm` left join `team` `t` on((`tm`.`uid_team` = `t`.`uid`))) left join `comp_division` `cd` on((`t`.`uid_comp_division` = `cd`.`uid`))) left join `mentor_team` `mt` on((`t`.`uid_mentor_team` = `mt`.`uid`))) left join `user` `u` on((`mt`.`uid_user` = `u`.`uid`))) left join `v_comp_name` `c` on((`cd`.`uid_comp_name` = `c`.`uid_comp_name`))) order by `c`.`year`,`c`.`state`,`c`.`comp_name`,`mt`.`organisation`,`u`.`first_name`,`u`.`last_name`,`cd`.`disp_order`,`t`.`team_name`,`tm`.`last_name`,`tm`.`first_name` */;
/*!50001 SET character_set_client      = @saved_cs_client */;
/*!50001 SET character_set_results     = @saved_cs_results */;
/*!50001 SET collation_connection      = @saved_col_connection */;
/*!40103 SET TIME_ZONE=@OLD_TIME_ZONE */;

/*!40101 SET SQL_MODE=@OLD_SQL_MODE */;
/*!40014 SET FOREIGN_KEY_CHECKS=@OLD_FOREIGN_KEY_CHECKS */;
/*!40014 SET UNIQUE_CHECKS=@OLD_UNIQUE_CHECKS */;
/*!40101 SET CHARACTER_SET_CLIENT=@OLD_CHARACTER_SET_CLIENT */;
/*!40101 SET CHARACTER_SET_RESULTS=@OLD_CHARACTER_SET_RESULTS */;
/*!40101 SET COLLATION_CONNECTION=@OLD_COLLATION_CONNECTION */;
/*!40111 SET SQL_NOTES=@OLD_SQL_NOTES */;

-- Dump completed on 2017-02-18 15:54:45
